"YR_MO","CALL_DATE","AGENT_KEY","CALLS","HANDLE_TIME","CALL_REGEN","CALLS_WITH_OFFER","CALLS_WITH_ACCEPT","CALLS_OFFER_APPLIED","TRANSFERS"
201706,2017-06-01,12465,34,25710,5,31,22,19,2
201706,2017-06-01,12466,35,25039,4,34,29,26,2
201706,2017-06-01,12467,38,24436,6,36,32,28,3
201706,2017-06-01,12468,38,24923,5,37,32,25,2
201706,2017-06-01,12469,34,24371,4,32,25,22,2
201706,2017-06-01,12470,33,25378,5,32,28,22,2
201706,2017-06-01,12471,37,25105,4,34,25,20,3
201706,2017-06-01,12472,37,25938,7,33,28,24,2
201706,2017-06-01,12482,32,24269,6,27,17,10,4
201706,2017-06-01,12483,32,24107,9,28,21,9,3
201706,2017-06-01,12484,30,24842,7,27,18,8,3
201706,2017-06-01,12485,29,25402,7,26,19,12,3
201706,2017-06-01,12486,29,25429,8,26,20,12,3
201706,2017-06-01,12487,33,24917,7,28,22,11,4
201706,2017-06-01,12488,32,24700,9,28,22,9,4
201706,2017-06-01,12489,32,24876,9,29,18,7,4
201706,2017-06-02,12465,37,24506,4,34,27,19,3
201706,2017-06-02,12466,35,24330,4,33,30,22,2
201706,2017-06-02,12467,34,24415,5,31,27,20,2
201706,2017-06-02,12468,40,24096,7,36,28,21,3
201706,2017-06-02,12469,32,25167,4,30,25,22,2
201706,2017-06-02,12470,37,24323,7,34,30,23,2
201706,2017-06-02,12471,33,24678,6,33,24,19,2
201706,2017-06-02,12472,39,24376,7,39,31,28,3
201706,2017-06-02,12473,30,25472,5,27,18,14,2
201706,2017-06-02,12474,35,25522,7,35,24,17,3
201706,2017-06-02,12475,31,24940,5,29,19,15,2
201706,2017-06-02,12476,31,25854,7,31,23,18,2
201706,2017-06-02,12477,35,25104,5,32,26,19,3
201706,2017-06-02,12478,35,25651,8,31,21,14,3
201706,2017-06-02,12479,30,24910,7,30,23,14,2
201706,2017-06-02,12480,35,25382,6,34,29,19,3
201706,2017-06-03,12473,35,24988,7,33,27,19,3
201706,2017-06-03,12474,31,25292,7,28,23,18,2
201706,2017-06-03,12475,31,24210,7,26,19,15,2
201706,2017-06-03,12476,32,25276,7,31,23,17,3
201706,2017-06-03,12477,36,24231,8,34,26,16,3
201706,2017-06-03,12478,33,25034,5,31,26,17,2
201706,2017-06-03,12479,33,24618,8,28,21,15,2
201706,2017-06-03,12480,36,25225,6,31,24,14,4
201706,2017-06-03,12482,28,25367,7,26,20,11,3
201706,2017-06-03,12483,33,24788,8,29,18,11,4
201706,2017-06-03,12484,31,24869,7,28,22,13,3
201706,2017-06-03,12485,29,24267,7,27,19,10,3
201706,2017-06-03,12486,31,25962,9,27,17,9,3
201706,2017-06-03,12487,28,25406,7,25,17,8,3
201706,2017-06-03,12488,33,24662,7,30,20,12,4
201706,2017-06-03,12489,32,24978,8,29,23,13,3
201706,2017-06-04,12465,38,25249,5,35,27,23,2
201706,2017-06-04,12466,39,24035,5,37,28,20,2
201706,2017-06-04,12467,32,25637,4,31,26,21,2
201706,2017-06-04,12468,39,24214,6,35,25,20,2
201706,2017-06-04,12469,36,24205,7,34,27,23,2
201706,2017-06-04,12470,34,24076,6,33,29,24,2
201706,2017-06-04,12471,39,25515,5,39,34,29,3
201706,2017-06-04,12472,37,25783,5,33,28,25,2
201706,2017-06-05,12465,32,24019,3,29,23,17,2
201706,2017-06-05,12466,40,24176,4,40,32,25,2
201706,2017-06-05,12467,39,25574,4,38,33,26,3
201706,2017-06-05,12468,34,25605,4,32,25,21,2
201706,2017-06-05,12469,32,25030,4,30,21,17,2
201706,2017-06-05,12470,36,25582,5,35,28,23,2
201706,2017-06-05,12471,32,24610,4,30,23,17,2
201706,2017-06-05,12472,33,24992,5,33,26,21,2
201706,2017-06-05,12473,30,25897,5,26,21,16,3
201706,2017-06-05,12474,31,25598,8,28,19,12,2
201706,2017-06-05,12475,35,24827,6,31,26,17,3
201706,2017-06-05,12476,34,25985,8,31,20,16,3
201706,2017-06-05,12477,36,25864,9,31,24,14,3
201706,2017-06-05,12478,32,24881,6,29,23,17,3
201706,2017-06-05,12479,35,24061,8,34,27,16,4
201706,2017-06-05,12480,31,25985,7,26,17,13,2
201706,2017-06-05,12482,29,25760,7,26,17,8,3
201706,2017-06-05,12483,28,25354,8,27,21,15,3
201706,2017-06-05,12484,29,25769,7,25,17,9,3
201706,2017-06-05,12485,29,24412,6,26,21,12,3
201706,2017-06-05,12486,31,25024,8,27,17,10,3
201706,2017-06-05,12487,31,25894,9,28,19,9,3
201706,2017-06-05,12488,33,24311,10,28,21,13,4
201706,2017-06-05,12489,31,25605,7,29,21,10,3
201706,2017-06-06,12465,36,24810,6,33,25,20,2
201706,2017-06-06,12466,35,24278,6,33,24,18,2
201706,2017-06-06,12467,32,25467,4,30,22,18,2
201706,2017-06-06,12468,32,25329,5,32,27,21,2
201706,2017-06-06,12469,36,25573,4,33,27,19,2
201706,2017-06-06,12470,33,25068,4,31,28,21,2
201706,2017-06-06,12471,40,25365,7,36,28,24,2
201706,2017-06-06,12472,33,24771,4,32,22,17,2
201706,2017-06-06,12473,31,24040,7,29,22,18,3
201706,2017-06-06,12474,33,25196,5,29,20,13,3
201706,2017-06-06,12475,36,24484,5,35,26,18,3
201706,2017-06-06,12476,32,25331,6,28,20,16,3
201706,2017-06-06,12477,32,25384,7,28,18,13,3
201706,2017-06-06,12478,35,25535,7,32,26,18,2
201706,2017-06-06,12479,35,24199,7,33,26,19,3
201706,2017-06-06,12480,34,25768,6,32,26,18,3
201706,2017-06-06,12482,33,24517,8,31,24,14,3
201706,2017-06-06,12483,29,24563,8,25,19,9,3
201706,2017-06-06,12484,28,24515,8,25,20,9,3
201706,2017-06-06,12485,32,25985,9,30,24,15,4
201706,2017-06-06,12486,32,25062,6,30,18,12,4
201706,2017-06-06,12487,33,25082,9,29,19,11,3
201706,2017-06-06,12488,30,24396,8,28,17,10,3
201706,2017-06-06,12489,30,24614,7,26,20,8,3
201706,2017-06-07,12473,33,24129,6,32,24,17,3
201706,2017-06-07,12474,30,24354,6,27,20,15,2
201706,2017-06-07,12475,35,24753,7,32,27,17,3
201706,2017-06-07,12476,36,25456,5,31,25,17,3
201706,2017-06-07,12477,33,24569,8,31,25,18,3
201706,2017-06-07,12478,33,24258,7,29,23,15,3
201706,2017-06-07,12479,32,25232,7,28,22,16,3
201706,2017-06-07,12480,33,25329,6,29,25,19,3
201706,2017-06-07,12482,28,25789,6,26,20,10,3
201706,2017-06-07,12483,31,24294,9,27,20,10,4
201706,2017-06-07,12484,33,24591,8,28,18,12,3
201706,2017-06-07,12485,33,24936,8,28,22,10,3
201706,2017-06-07,12486,28,24854,6,27,20,13,3
201706,2017-06-07,12487,28,25335,8,26,19,9,3
201706,2017-06-07,12488,31,24646,7,29,20,13,3
201706,2017-06-07,12489,33,25792,8,31,20,11,4
201706,2017-06-08,12465,40,25576,4,37,28,24,2
201706,2017-06-08,12466,32,25209,4,30,22,19,2
201706,2017-06-08,12467,37,25358,6,37,33,29,2
201706,2017-06-08,12468,40,24546,5,39,31,24,2
201706,2017-06-08,12469,38,24312,7,38,29,21,2
201706,2017-06-08,12470,37,24717,6,35,29,21,2
201706,2017-06-08,12471,32,25793,6,29,22,19,2
201706,2017-06-08,12482,30,25994,6,28,20,10,3
201706,2017-06-08,12483,31,25647,8,28,17,7,3
201706,2017-06-08,12484,31,24408,7,28,22,15,4
201706,2017-06-08,12485,30,25295,7,27,20,9,3
201706,2017-06-08,12486,29,25525,7,25,18,9,3
201706,2017-06-08,12487,32,25375,9,29,19,10,4
201706,2017-06-08,12488,29,25598,8,26,18,10,3
201706,2017-06-08,12489,29,25457,6,27,21,11,3
201706,2017-06-09,12465,34,24067,5,32,24,18,2
201706,2017-06-09,12466,32,25552,3,29,21,19,2
201706,2017-06-09,12467,36,25843,6,33,25,18,2
201706,2017-06-09,12468,32,25796,4,29,25,18,2
201706,2017-06-09,12469,37,25009,6,33,28,20,2
201706,2017-06-09,12470,36,24522,4,35,28,24,3
201706,2017-06-09,12471,32,24953,5,32,27,22,2
201706,2017-06-09,12472,36,25114,5,33,26,20,3
201706,2017-06-09,12473,35,24060,8,30,22,14,4
201706,2017-06-09,12474,36,25146,6,33,23,15,3
201706,2017-06-09,12475,31,25656,6,31,21,13,2
201706,2017-06-09,12476,36,25151,8,34,28,20,3
201706,2017-06-09,12477,34,24261,8,29,24,16,3
201706,2017-06-09,12478,31,25906,6,27,20,15,3
201706,2017-06-09,12479,35,25156,7,33,28,19,3
201706,2017-06-10,12473,31,25693,7,30,21,13,2
201706,2017-06-10,12474,33,24827,8,28,20,16,3
201706,2017-06-10,12475,31,24715,6,28,22,14,3
201706,2017-06-10,12476,35,24305,7,34,29,22,4
201706,2017-06-10,12477,34,24749,5,29,23,17,2
201706,2017-06-10,12478,33,24722,8,28,22,16,3
201706,2017-06-10,12479,33,25032,8,33,26,16,3
201706,2017-06-10,12480,30,24653,7,26,20,16,3
201706,2017-06-10,12482,29,24115,6,26,21,12,3
201706,2017-06-10,12483,32,25632,8,30,22,12,3
201706,2017-06-10,12484,32,25800,10,28,21,10,4
201706,2017-06-10,12485,30,25484,6,28,18,8,3
201706,2017-06-10,12486,33,24368,7,30,18,9,3
201706,2017-06-10,12488,32,25754,7,28,22,9,4
201706,2017-06-10,12489,30,25963,8,26,18,7,4
201706,2017-06-11,12465,34,25112,6,32,27,20,2
201706,2017-06-11,12466,39,25873,8,36,26,20,2
201706,2017-06-11,12467,33,25916,6,33,28,22,2
201706,2017-06-11,12468,36,24940,5,32,26,23,2
201706,2017-06-11,12469,36,25677,4,34,24,20,3
201706,2017-06-11,12471,37,25124,6,34,24,21,2
201706,2017-06-11,12472,32,24518,5,29,21,18,2
201706,2017-06-12,12465,37,24054,5,34,26,20,3
201706,2017-06-12,12466,35,24333,5,35,27,23,2
201706,2017-06-12,12467,32,25052,4,29,25,20,2
201706,2017-06-12,12468,35,25789,6,32,26,23,2
201706,2017-06-12,12469,36,24254,5,33,28,20,3
201706,2017-06-12,12470,35,25640,7,34,26,21,2
201706,2017-06-12,12471,39,25616,6,39,34,30,2
201706,2017-06-12,12472,39,25628,7,37,29,26,2
201706,2017-06-12,12473,33,25101,5,32,21,13,3
201706,2017-06-12,12474,36,24764,7,34,22,17,3
201706,2017-06-12,12475,31,25423,5,30,24,15,2
201706,2017-06-12,12476,33,24978,8,28,22,14,3
201706,2017-06-12,12477,30,24600,5,26,19,12,2
201706,2017-06-12,12478,30,24351,7,26,21,17,2
201706,2017-06-12,12479,31,25601,6,31,24,16,3
201706,2017-06-12,12480,30,24575,6,29,22,16,2
201706,2017-06-12,12482,32,24390,9,29,19,12,4
201706,2017-06-12,12483,28,24771,7,25,16,7,3
201706,2017-06-12,12484,30,25938,8,28,18,9,4
201706,2017-06-12,12485,31,24852,9,28,22,12,3
201706,2017-06-12,12486,33,24300,10,30,22,15,4
201706,2017-06-12,12487,30,24364,7,29,22,10,3
201706,2017-06-12,12488,33,25931,8,30,20,10,3
201706,2017-06-12,12489,30,25077,8,28,18,8,3
201706,2017-06-13,12465,38,24225,7,38,31,22,2
201706,2017-06-13,12466,32,24358,5,29,23,20,2
201706,2017-06-13,12467,39,25627,8,39,28,24,2
201706,2017-06-13,12468,35,24285,5,33,25,22,2
201706,2017-06-13,12469,36,24365,7,34,31,24,2
201706,2017-06-13,12470,40,24054,4,40,30,22,3
201706,2017-06-13,12471,40,24848,5,38,30,22,2
201706,2017-06-13,12472,33,24059,5,30,25,22,2
201706,2017-06-13,12473,36,25313,8,36,30,23,3
201706,2017-06-13,12474,31,24296,7,27,22,13,3
201706,2017-06-13,12475,36,24086,9,35,30,22,3
201706,2017-06-13,12476,31,24266,6,26,18,14,2
201706,2017-06-13,12477,30,25088,6,26,21,17,2
201706,2017-06-13,12478,35,25524,6,32,25,15,2
201706,2017-06-13,12479,32,24521,5,32,22,17,3
201706,2017-06-13,12480,33,24136,8,31,24,16,3
201706,2017-06-13,12482,28,25248,7,25,16,7,3
201706,2017-06-13,12483,33,24509,9,29,20,11,4
201706,2017-06-13,12484,30,25099,7,29,21,12,3
201706,2017-06-13,12485,30,25821,7,26,18,9,3
201706,2017-06-13,12486,29,24997,8,25,17,10,3
201706,2017-06-13,12487,29,25258,9,27,20,13,3
201706,2017-06-13,12488,28,25534,7,25,17,9,3
201706,2017-06-14,12473,32,24120,5,30,20,13,3
201706,2017-06-14,12474,33,24794,7,33,22,16,3
201706,2017-06-14,12475,32,24180,6,27,22,15,3
201706,2017-06-14,12476,31,25638,6,29,24,18,2
201706,2017-06-14,12477,34,24860,9,32,24,18,3
201706,2017-06-14,12478,34,25650,7,29,22,18,3
201706,2017-06-14,12479,31,25379,5,29,24,15,3
201706,2017-06-14,12480,34,25106,5,32,24,16,3
201706,2017-06-14,12482,29,25780,7,26,17,11,3
201706,2017-06-14,12483,32,24071,8,28,21,8,3
201706,2017-06-14,12484,30,25430,6,26,21,15,4
201706,2017-06-14,12485,33,24212,7,31,20,8,3
201706,2017-06-14,12486,32,24195,10,28,21,8,3
201706,2017-06-14,12487,31,24281,7,27,18,13,3
201706,2017-06-14,12488,32,24224,10,30,23,10,4
201706,2017-06-15,12465,37,24964,7,36,26,20,3
201706,2017-06-15,12466,38,24384,5,36,27,23,2
201706,2017-06-15,12467,33,24242,4,31,22,17,2
201706,2017-06-15,12468,37,24532,7,34,24,21,3
201706,2017-06-15,12469,38,25483,6,35,25,18,2
201706,2017-06-15,12470,39,24309,4,38,33,29,3
201706,2017-06-15,12471,36,24525,7,36,30,26,2
201706,2017-06-15,12472,34,25618,6,33,25,22,2
201706,2017-06-15,12482,30,24928,6,27,18,10,4
201706,2017-06-15,12483,30,25292,7,27,21,10,3
201706,2017-06-15,12484,30,24578,8,27,20,13,4
201706,2017-06-15,12485,31,25076,7,29,18,8,3
201706,2017-06-15,12486,33,24411,9,31,20,11,3
201706,2017-06-15,12487,31,25027,7,29,21,11,4
201706,2017-06-15,12488,32,25279,8,28,22,10,3
201706,2017-06-15,12489,31,24755,9,27,19,13,3
201706,2017-06-16,12465,34,24992,6,33,30,22,2
201706,2017-06-16,12466,37,24072,6,36,31,23,2
201706,2017-06-16,12467,33,24745,6,33,29,23,2
201706,2017-06-16,12468,39,24109,7,35,25,20,2
201706,2017-06-16,12469,38,25170,4,34,28,25,3
201706,2017-06-16,12470,32,24063,5,32,28,22,2
201706,2017-06-16,12471,39,24461,7,37,29,21,2
201706,2017-06-16,12472,37,25013,5,37,28,25,3
201706,2017-06-16,12473,35,24466,7,32,25,17,4
201706,2017-06-16,12474,35,25235,9,32,23,18,3
201706,2017-06-16,12475,35,24522,7,34,28,17,2
201706,2017-06-16,12476,31,24278,7,29,23,16,3
201706,2017-06-16,12477,36,25556,6,36,27,22,4
201706,2017-06-16,12478,36,25345,6,32,24,16,3
201706,2017-06-16,12479,35,24439,7,31,24,19,2
201706,2017-06-16,12480,36,24333,8,35,30,23,3
201706,2017-06-17,12473,36,24686,9,33,24,14,3
201706,2017-06-17,12474,36,25762,8,32,21,14,3
201706,2017-06-17,12475,30,24547,5,30,24,17,3
201706,2017-06-17,12476,35,24538,7,30,25,16,3
201706,2017-06-17,12477,35,24230,9,31,24,19,3
201706,2017-06-17,12478,33,24803,7,29,21,14,3
201706,2017-06-17,12479,31,25658,7,29,21,14,2
201706,2017-06-17,12483,33,24736,10,30,22,10,4
201706,2017-06-17,12484,28,25057,6,25,15,9,3
201706,2017-06-17,12485,31,24706,9,28,17,10,3
201706,2017-06-17,12486,32,24475,9,30,23,13,4
201706,2017-06-17,12487,33,25027,8,29,20,10,3
201706,2017-06-17,12488,29,24553,8,25,18,7,3
201706,2017-06-17,12489,30,25304,8,26,20,8,3
201706,2017-06-18,12465,38,24530,6,38,31,24,3
201706,2017-06-18,12466,36,24803,6,34,28,20,2
201706,2017-06-18,12467,35,24704,7,34,30,27,2
201706,2017-06-18,12469,34,24731,6,33,28,20,2
201706,2017-06-18,12470,35,24578,5,34,25,19,2
201706,2017-06-18,12471,40,25603,6,36,31,22,2
201706,2017-06-18,12472,36,25324,5,35,32,28,2
201706,2017-06-19,12465,34,25904,4,33,23,19,2
201706,2017-06-19,12466,34,25965,5,34,24,18,2
201706,2017-06-19,12467,37,25987,5,35,30,27,2
201706,2017-06-19,12469,32,25869,4,29,21,15,2
201706,2017-06-19,12470,33,25193,4,30,25,21,2
201706,2017-06-19,12471,38,25133,7,36,29,26,3
201706,2017-06-19,12472,34,25478,3,31,25,19,2
201706,2017-06-19,12473,33,25323,7,31,20,12,2
201706,2017-06-19,12474,31,25994,6,31,24,15,2
201706,2017-06-19,12475,31,24574,7,30,20,15,3
201706,2017-06-19,12476,34,25248,7,33,22,17,3
201706,2017-06-19,12477,35,24525,6,34,23,16,3
201706,2017-06-19,12478,34,24801,7,30,25,17,2
201706,2017-06-19,12479,34,24894,9,32,24,15,2
201706,2017-06-19,12480,36,24064,6,34,24,15,4
201706,2017-06-19,12482,28,24476,8,24,17,10,3
201706,2017-06-19,12483,29,25706,7,25,17,9,3
201706,2017-06-19,12484,28,25330,7,25,17,10,3
201706,2017-06-19,12485,29,25089,6,28,19,11,3
201706,2017-06-19,12486,31,25130,8,28,17,9,3
201706,2017-06-19,12487,32,24439,7,28,20,8,3
201706,2017-06-19,12488,32,24644,10,27,17,9,4
201706,2017-06-19,12489,30,24275,8,27,16,7,3
201706,2017-06-20,12465,38,25383,5,34,29,26,2
201706,2017-06-20,12466,33,25500,5,31,26,22,2
201706,2017-06-20,12467,36,24117,4,34,24,21,2
201706,2017-06-20,12468,36,25417,6,33,26,21,2
201706,2017-06-20,12469,34,25318,4,33,24,21,2
201706,2017-06-20,12470,32,25872,4,30,23,20,2
201706,2017-06-20,12471,40,24078,5,36,29,26,3
201706,2017-06-20,12472,39,25301,5,37,33,28,2
201706,2017-06-20,12473,34,24609,5,33,23,16,3
201706,2017-06-20,12474,30,25074,6,27,20,14,3
201706,2017-06-20,12475,36,25109,9,32,27,19,3
201706,2017-06-20,12476,31,24208,6,31,23,18,3
201706,2017-06-20,12477,30,25999,5,27,19,12,3
201706,2017-06-20,12478,33,25280,7,31,26,20,3
201706,2017-06-20,12479,32,24094,7,28,23,17,3
201706,2017-06-20,12480,30,25474,6,30,25,17,3
201706,2017-06-20,12482,32,25351,7,29,20,9,4
201706,2017-06-20,12483,33,25249,8,29,22,15,3
201706,2017-06-20,12484,32,24314,8,30,24,13,3
201706,2017-06-20,12485,31,24461,7,28,18,12,3
201706,2017-06-20,12486,28,24849,7,25,16,10,3
201706,2017-06-20,12487,32,25815,6,28,21,13,4
201706,2017-06-20,12488,33,25663,9,29,21,13,3
201706,2017-06-20,12489,30,24525,6,26,16,10,3
201706,2017-06-21,12473,30,25961,5,26,18,12,2
201706,2017-06-21,12474,35,24828,5,30,25,18,2
201706,2017-06-21,12475,33,25290,5,29,21,15,3
201706,2017-06-21,12476,36,25435,8,36,30,20,3
201706,2017-06-21,12477,34,25384,7,33,25,16,2
201706,2017-06-21,12478,31,24942,7,30,23,18,2
201706,2017-06-21,12479,33,24263,6,32,22,16,3
201706,2017-06-21,12480,33,24495,5,29,24,19,2
201706,2017-06-21,12482,31,24503,8,27,19,8,3
201706,2017-06-21,12483,33,24739,8,29,22,15,3
201706,2017-06-21,12484,30,25861,6,26,19,8,3
201706,2017-06-21,12485,33,25991,7,31,20,9,4
201706,2017-06-21,12486,30,25211,6,28,19,8,3
201706,2017-06-21,12487,30,24435,7,28,17,12,4
201706,2017-06-21,12488,32,25752,8,30,19,9,4
201706,2017-06-22,12465,37,24015,5,34,28,24,3
201706,2017-06-22,12466,37,24909,7,36,27,23,2
201706,2017-06-22,12467,37,24967,6,36,28,23,3
201706,2017-06-22,12468,37,24498,6,36,31,23,2
201706,2017-06-22,12469,39,24219,8,36,26,18,3
201706,2017-06-22,12470,34,25883,4,32,26,20,2
201706,2017-06-22,12471,32,25289,4,30,23,16,2
201706,2017-06-22,12472,32,24024,4,31,24,20,2
201706,2017-06-22,12482,32,25871,9,30,18,12,4
201706,2017-06-22,12483,28,24942,6,26,21,9,3
201706,2017-06-22,12484,32,24610,9,29,17,8,4
201706,2017-06-22,12485,28,24503,8,25,18,8,3
201706,2017-06-22,12486,33,24692,9,28,22,14,4
201706,2017-06-22,12487,32,25331,6,28,17,9,4
201706,2017-06-22,12488,32,25512,6,29,23,16,4
201706,2017-06-22,12489,29,25387,6,26,19,13,3
201706,2017-06-23,12465,40,25482,8,36,26,22,3
201706,2017-06-23,12466,38,25830,6,36,32,26,3
201706,2017-06-23,12467,40,24117,5,39,34,25,3
201706,2017-06-23,12468,37,25440,5,36,30,27,2
201706,2017-06-23,12469,37,25015,7,34,28,22,2
201706,2017-06-23,12470,34,25810,7,34,29,24,2
201706,2017-06-23,12471,32,24821,5,29,26,19,2
201706,2017-06-23,12472,32,25053,4,30,23,16,2
201706,2017-06-23,12473,33,25796,5,30,23,18,3
201706,2017-06-23,12474,33,25692,6,28,19,12,3
201706,2017-06-23,12475,34,25909,7,32,27,18,3
201706,2017-06-23,12476,34,25948,5,33,28,20,2
201706,2017-06-23,12477,34,24301,7,33,27,18,2
201706,2017-06-23,12478,31,24216,7,29,21,17,3
201706,2017-06-23,12479,31,24889,6,28,21,16,2
201706,2017-06-23,12480,34,25640,7,34,22,13,2
201706,2017-06-24,12473,35,25364,8,30,21,15,4
201706,2017-06-24,12474,34,25550,8,29,21,16,3
201706,2017-06-24,12475,32,24173,5,28,19,13,2
201706,2017-06-24,12476,36,25665,6,32,23,17,3
201706,2017-06-24,12477,34,25426,6,29,20,12,2
201706,2017-06-24,12478,36,24439,9,32,21,14,3
201706,2017-06-24,12479,32,25947,7,32,23,18,3
201706,2017-06-24,12480,30,24198,7,26,22,13,3
201706,2017-06-24,12482,31,25735,8,29,22,13,4
201706,2017-06-24,12483,32,24243,6,28,18,10,4
201706,2017-06-24,12484,28,24632,6,25,18,9,3
201706,2017-06-24,12485,28,24047,7,26,17,10,3
201706,2017-06-24,12486,33,25566,9,29,22,13,3
201706,2017-06-24,12487,31,24539,8,28,18,12,4
201706,2017-06-24,12488,29,25136,6,26,18,8,3
201706,2017-06-25,12465,34,24736,7,32,27,20,2
201706,2017-06-25,12466,32,24993,6,31,26,23,2
201706,2017-06-25,12467,36,24623,4,36,30,24,3
201706,2017-06-25,12468,35,25330,4,34,24,18,2
201706,2017-06-25,12469,32,24981,5,29,21,19,2
201706,2017-06-25,12470,38,24513,5,36,28,25,2
201706,2017-06-25,12471,39,25678,6,36,32,25,2
201706,2017-06-25,12472,32,25840,6,31,27,22,2
201706,2017-06-26,12465,38,25559,4,38,27,23,2
201706,2017-06-26,12466,32,25420,4,31,28,21,2
201706,2017-06-26,12467,38,24943,6,36,29,20,2
201706,2017-06-26,12468,34,25724,4,32,26,21,2
201706,2017-06-26,12469,37,25319,7,36,28,24,2
201706,2017-06-26,12470,39,25776,6,36,27,24,2
201706,2017-06-26,12471,32,25500,6,29,22,16,2
201706,2017-06-26,12473,35,24167,7,34,27,19,4
201706,2017-06-26,12474,31,24417,6,29,22,13,2
201706,2017-06-26,12475,33,24192,5,28,18,14,2
201706,2017-06-26,12476,32,24392,7,31,20,13,3
201706,2017-06-26,12477,35,24592,7,31,23,16,2
201706,2017-06-26,12478,30,25676,6,26,17,10,2
201706,2017-06-26,12479,31,25916,6,27,20,14,2
201706,2017-06-26,12480,30,25268,5,30,23,14,3
201706,2017-06-26,12482,31,25213,9,27,17,10,3
201706,2017-06-26,12483,33,25340,7,31,20,8,4
201706,2017-06-26,12484,29,24320,6,26,16,9,3
201706,2017-06-26,12485,33,25032,10,30,21,12,3
201706,2017-06-26,12486,32,25879,9,29,20,8,4
201706,2017-06-26,12487,28,24597,8,25,19,11,3
201706,2017-06-26,12488,32,25530,8,29,22,10,3
201706,2017-06-27,12465,33,25092,4,32,24,18,1
201706,2017-06-27,12466,40,25255,6,38,33,24,2
201706,2017-06-27,12467,38,24657,7,36,32,29,2
201706,2017-06-27,12468,36,24551,4,33,26,21,1
201706,2017-06-27,12469,32,25591,5,30,25,21,2
201706,2017-06-27,12470,32,25783,6,29,23,18,2
201706,2017-06-27,12471,32,24685,4,31,28,20,2
201706,2017-06-27,12472,36,25414,6,33,28,23,2
201706,2017-06-27,12473,32,25818,8,31,26,20,2
201706,2017-06-27,12474,36,25003,9,33,24,16,2
201706,2017-06-27,12475,31,24551,6,28,23,17,2
201706,2017-06-27,12476,34,25072,6,33,22,14,2
201706,2017-06-27,12477,31,25783,5,29,23,15,2
201706,2017-06-27,12478,34,25380,6,34,22,15,2
201706,2017-06-27,12479,30,24035,7,27,18,11,2
201706,2017-06-27,12480,30,24043,6,29,20,13,2
201706,2017-06-27,12482,31,25543,8,27,19,13,3
201706,2017-06-27,12483,30,24313,9,27,20,12,4
201706,2017-06-27,12484,29,24609,6,25,17,12,3
201706,2017-06-27,12485,32,25697,7,30,22,15,4
201706,2017-06-27,12486,28,25575,6,27,21,12,3
201706,2017-06-27,12487,28,24157,8,27,19,13,4
201706,2017-06-27,12488,29,24857,8,26,16,8,3
201706,2017-06-27,12489,33,24347,8,28,20,13,3
201706,2017-06-28,12473,35,24356,7,34,24,17,2
201706,2017-06-28,12474,34,24712,6,32,24,17,2
201706,2017-06-28,12475,30,24258,7,26,22,15,2
201706,2017-06-28,12476,31,25362,7,31,26,16,2
201706,2017-06-28,12477,30,24847,7,26,17,12,2
201706,2017-06-28,12478,34,24119,8,31,26,19,2
201706,2017-06-28,12479,31,24811,6,30,23,16,2
201706,2017-06-28,12480,30,24926,6,29,23,18,2
201706,2017-06-28,12482,33,25205,9,29,20,14,4
201706,2017-06-28,12483,32,25874,7,28,18,13,4
201706,2017-06-28,12484,28,24836,7,26,19,13,3
201706,2017-06-28,12485,30,24667,8,26,20,14,3
201706,2017-06-28,12486,29,25996,7,27,21,13,4
201706,2017-06-28,12487,28,25965,6,25,17,12,3
201706,2017-06-28,12488,31,24875,9,27,21,11,4
201706,2017-06-28,12489,30,25650,9,27,21,11,4
201706,2017-06-29,12465,35,24169,4,33,27,22,1
201706,2017-06-29,12466,33,25013,4,30,24,19,2
201706,2017-06-29,12467,33,25364,7,32,25,19,2
201706,2017-06-29,12468,38,25254,4,34,31,27,2
201706,2017-06-29,12469,39,24597,7,38,32,27,1
201706,2017-06-29,12470,34,24963,5,32,28,23,2
201706,2017-06-29,12471,37,24087,4,37,27,22,1
201706,2017-06-29,12472,40,24290,6,38,28,23,2
201706,2017-06-29,12483,30,24160,6,27,21,13,3
201706,2017-06-29,12484,31,24062,6,29,20,10,4
201706,2017-06-29,12485,32,24305,9,30,23,12,3
201706,2017-06-29,12486,33,25324,9,30,19,13,3
201706,2017-06-29,12487,31,25421,8,28,21,11,3
201706,2017-06-29,12488,29,25508,7,28,18,11,3
201706,2017-06-29,12489,30,25267,7,26,20,12,4
201706,2017-06-30,12465,39,25409,4,35,27,21,2
201706,2017-06-30,12466,39,25333,6,38,27,20,2
201706,2017-06-30,12467,36,24107,5,33,29,22,2
201706,2017-06-30,12468,40,24556,7,37,27,23,1
201706,2017-06-30,12469,32,24597,6,30,24,22,1
201706,2017-06-30,12470,33,24472,5,32,28,23,1
201706,2017-06-30,12471,40,25975,4,36,25,21,2
201706,2017-06-30,12472,36,25683,5,36,32,22,1
201706,2017-06-30,12473,33,25987,5,28,23,14,2
201706,2017-06-30,12474,33,25948,6,31,21,15,2
201706,2017-06-30,12475,34,24058,8,34,29,19,2
201706,2017-06-30,12476,32,24637,6,30,26,18,2
201706,2017-06-30,12477,33,25009,7,29,20,13,2
201706,2017-06-30,12478,36,25163,5,36,27,18,3
201706,2017-06-30,12479,33,24581,7,31,24,15,2
201706,2017-06-30,12480,30,25932,6,27,18,14,2
201707,2017-07-01,12473,31,25354,7,31,23,14,2
201707,2017-07-01,12474,30,25339,7,27,20,14,2
201707,2017-07-01,12475,36,25648,6,32,21,17,3
201707,2017-07-01,12476,31,24893,7,29,20,14,2
201707,2017-07-01,12477,34,25854,8,31,26,17,2
201707,2017-07-01,12478,34,24462,7,31,22,13,2
201707,2017-07-01,12479,36,24865,9,32,25,16,2
201707,2017-07-01,12482,31,24385,7,27,16,11,3
201707,2017-07-01,12483,30,25377,7,26,19,11,3
201707,2017-07-01,12484,29,25892,8,25,17,9,3
201707,2017-07-01,12485,30,25780,9,29,23,16,4
201707,2017-07-01,12486,31,24844,8,29,21,11,4
201707,2017-07-01,12487,29,24782,9,25,16,9,3
201707,2017-07-01,12488,29,25927,8,25,17,10,3
201707,2017-07-01,12489,29,24832,7,28,20,12,3
201707,2017-07-02,12466,33,24550,4,32,26,22,1
201707,2017-07-02,12467,39,25341,4,35,26,19,2
201707,2017-07-02,12468,40,25426,4,36,27,24,2
201707,2017-07-02,12469,40,25506,5,39,32,28,2
201707,2017-07-02,12470,37,25644,4,35,30,24,1
201707,2017-07-02,12471,40,25280,5,39,31,23,1
201707,2017-07-02,12472,37,25660,4,36,32,26,1
201707,2017-07-03,12466,36,24078,4,33,24,20,2
201707,2017-07-03,12467,32,25159,4,32,27,22,1
201707,2017-07-03,12468,34,25191,5,33,30,24,1
201707,2017-07-03,12469,36,24151,5,32,28,23,1
201707,2017-07-03,12470,40,24214,4,40,35,27,2
201707,2017-07-03,12471,36,24200,7,33,29,22,2
201707,2017-07-03,12472,40,25686,6,38,31,23,1
201707,2017-07-03,12473,34,24025,7,31,26,19,2
201707,2017-07-03,12474,30,25649,6,27,20,13,2
201707,2017-07-03,12475,33,25829,7,28,20,15,2
201707,2017-07-03,12486,31,25266,7,28,20,12,3
201707,2017-07-03,12487,33,24735,9,31,24,17,3
201707,2017-07-03,12488,32,25418,6,27,17,9,4
201707,2017-07-03,12489,32,24669,7,28,19,11,4
201707,2017-07-04,12469,32,24186,6,29,25,22,1
201707,2017-07-04,12470,33,25746,5,30,22,20,1
201707,2017-07-04,12471,35,25921,7,33,27,21,2
201707,2017-07-04,12472,32,25477,5,30,25,21,1
201707,2017-07-04,12473,32,24676,8,30,20,16,2
201707,2017-07-04,12474,30,25815,7,26,17,11,2
201707,2017-07-04,12475,33,25884,8,33,23,17,2
201707,2017-07-04,12486,31,25165,9,27,19,13,4
201707,2017-07-04,12487,28,25419,8,24,15,8,3
201707,2017-07-04,12488,30,25849,7,27,20,14,4
201707,2017-07-04,12489,29,24674,6,27,20,13,3
201707,2017-07-05,12473,32,25196,5,32,25,19,2
201707,2017-07-05,12474,31,24278,7,27,18,13,2
201707,2017-07-05,12475,30,25068,7,26,21,16,2
201707,2017-07-05,12476,33,25995,5,31,26,17,2
201707,2017-07-05,12477,33,25754,6,31,20,13,2
201707,2017-07-05,12478,31,25854,7,28,23,18,2
201707,2017-07-05,12479,34,24856,7,31,26,16,2
201707,2017-07-05,12480,30,24447,5,26,18,11,2
201707,2017-07-05,12482,29,25071,9,25,18,9,4
201707,2017-07-05,12483,32,25795,8,30,19,12,3
201707,2017-07-05,12484,32,25907,8,30,18,13,4
201707,2017-07-05,12485,29,24760,6,26,18,11,3
201707,2017-07-05,12486,29,25908,6,26,18,10,3
201707,2017-07-05,12487,32,25953,8,28,18,12,4
201707,2017-07-05,12488,32,24611,9,29,21,14,4
201707,2017-07-05,12489,33,25835,9,28,18,10,4
201707,2017-07-06,12465,35,24025,4,33,25,21,1
201707,2017-07-06,12466,33,25485,6,32,24,18,2
201707,2017-07-06,12467,32,24431,4,30,26,20,1
201707,2017-07-06,12468,36,24052,5,36,26,18,1
201707,2017-07-06,12469,39,25252,7,39,30,25,2
201707,2017-07-06,12470,32,25330,6,29,21,16,1
201707,2017-07-06,12471,38,25141,7,37,31,25,2
201707,2017-07-06,12472,35,25586,4,34,27,24,1
201707,2017-07-06,12482,28,24491,7,24,18,10,3
201707,2017-07-06,12483,29,25460,6,28,19,11,4
201707,2017-07-06,12484,33,25894,9,29,22,16,4
201707,2017-07-06,12485,28,24786,7,25,19,10,4
201707,2017-07-06,12486,33,25938,7,29,20,13,4
201707,2017-07-06,12487,28,24024,6,26,16,12,3
201707,2017-07-06,12488,32,25079,8,28,20,15,4
201707,2017-07-06,12489,28,25167,8,24,14,9,3
201707,2017-07-07,12465,39,24484,5,39,34,24,1
201707,2017-07-07,12466,34,24992,5,31,22,19,1
201707,2017-07-07,12467,32,24123,5,31,22,17,1
201707,2017-07-07,12468,33,24521,6,32,28,24,2
201707,2017-07-07,12469,37,25849,5,36,27,22,1
201707,2017-07-07,12470,37,25522,4,34,24,19,1
201707,2017-07-07,12471,39,25161,8,38,29,21,2
201707,2017-07-07,12473,35,25778,8,33,25,15,2
201707,2017-07-07,12474,34,24114,7,32,27,16,2
201707,2017-07-07,12475,32,24103,6,27,21,16,2
201707,2017-07-07,12476,30,25959,5,28,24,15,2
201707,2017-07-07,12477,32,24680,7,28,19,15,2
201707,2017-07-07,12478,33,24218,7,33,23,16,2
201707,2017-07-08,12473,35,24589,8,34,27,18,2
201707,2017-07-08,12474,34,24946,8,31,23,17,2
201707,2017-07-08,12475,30,24794,5,30,25,19,2
201707,2017-07-08,12476,30,24459,6,27,20,14,2
201707,2017-07-08,12477,30,25002,6,27,20,16,2
201707,2017-07-08,12478,34,24512,7,32,22,14,2
201707,2017-07-08,12482,31,24121,9,29,18,12,3
201707,2017-07-08,12483,29,25970,8,27,21,14,3
201707,2017-07-08,12484,32,25123,9,28,18,13,4
201707,2017-07-08,12485,32,25176,10,28,18,11,3
201707,2017-07-08,12486,28,24264,8,24,15,11,3
201707,2017-07-08,12487,28,25702,6,24,16,10,3
201707,2017-07-08,12488,30,25831,7,26,21,12,3
201707,2017-07-08,12489,30,25850,9,27,21,14,4
201707,2017-07-09,12465,38,24179,8,37,32,22,2
201707,2017-07-09,12466,34,25978,6,33,24,21,1
201707,2017-07-09,12467,34,25520,4,31,22,17,2
201707,2017-07-09,12468,32,24714,4,32,25,20,1
201707,2017-07-09,12469,32,24436,4,32,23,18,1
201707,2017-07-09,12470,32,24888,4,32,26,22,2
201707,2017-07-09,12471,33,24349,6,32,26,20,1
201707,2017-07-09,12472,34,24037,4,32,22,19,1
201707,2017-07-10,12465,39,24270,8,38,33,25,1
201707,2017-07-10,12466,40,25955,6,37,28,25,1
201707,2017-07-10,12467,36,25795,6,36,32,23,1
201707,2017-07-10,12468,33,25803,7,30,24,17,2
201707,2017-07-10,12469,39,24190,5,39,31,28,2
201707,2017-07-10,12470,40,25068,6,39,29,23,2
201707,2017-07-10,12471,40,24778,5,36,25,20,2
201707,2017-07-10,12472,36,25259,7,34,29,22,1
201707,2017-07-10,12473,36,25067,5,32,21,13,3
201707,2017-07-10,12474,34,25068,5,30,23,17,2
201707,2017-07-10,12475,31,25352,5,26,17,11,2
201707,2017-07-10,12476,31,25779,6,30,20,15,2
201707,2017-07-10,12477,31,25629,7,30,24,17,2
201707,2017-07-10,12478,36,25632,7,32,22,17,2
201707,2017-07-10,12482,32,24969,9,29,18,12,4
201707,2017-07-10,12483,31,25104,7,29,22,12,3
201707,2017-07-10,12484,30,25161,7,27,18,9,4
201707,2017-07-10,12485,29,24850,6,28,20,11,3
201707,2017-07-10,12486,29,25938,9,25,17,9,3
201707,2017-07-10,12487,29,25994,9,27,22,14,3
201707,2017-07-10,12488,32,25505,9,30,23,14,4
201707,2017-07-10,12489,29,24786,8,25,20,14,3
201707,2017-07-11,12465,34,24323,3,31,26,23,1
201707,2017-07-11,12466,38,25169,7,38,31,24,1
201707,2017-07-11,12467,39,24836,7,39,28,24,2
201707,2017-07-11,12468,36,25443,5,36,32,28,2
201707,2017-07-11,12469,36,25157,6,33,25,19,2
201707,2017-07-11,12470,35,24629,5,34,27,21,1
201707,2017-07-11,12471,39,24950,6,39,33,29,1
201707,2017-07-11,12472,38,25879,6,37,30,22,2
201707,2017-07-11,12473,32,24355,6,32,26,19,2
201707,2017-07-11,12474,32,25466,7,31,26,16,2
201707,2017-07-11,12475,34,25081,7,34,27,22,2
201707,2017-07-11,12476,31,24712,7,28,21,13,2
201707,2017-07-11,12477,30,25274,7,28,21,14,2
201707,2017-07-11,12478,36,24088,9,33,24,16,2
201707,2017-07-11,12479,33,24906,6,29,23,18,2
201707,2017-07-11,12480,36,24919,8,31,26,16,3
201707,2017-07-11,12482,30,24875,6,29,22,12,3
201707,2017-07-11,12483,32,24471,6,30,18,13,3
201707,2017-07-11,12484,28,25375,8,26,18,9,3
201707,2017-07-11,12485,29,25849,6,26,18,13,3
201707,2017-07-11,12486,30,24034,7,27,19,14,4
201707,2017-07-11,12487,31,24806,8,29,23,13,3
201707,2017-07-11,12488,28,24607,8,26,18,13,3
201707,2017-07-11,12489,28,24145,6,26,21,11,3
201707,2017-07-12,12473,33,25690,7,28,21,14,2
201707,2017-07-12,12474,32,24399,6,30,20,13,2
201707,2017-07-12,12475,36,24538,6,35,26,18,3
201707,2017-07-12,12476,34,25130,5,32,22,17,2
201707,2017-07-12,12477,33,25316,8,32,27,19,2
201707,2017-07-12,12478,35,25423,9,34,24,18,2
201707,2017-07-12,12479,31,24699,6,28,20,14,2
201707,2017-07-12,12480,33,25820,7,32,22,13,2
201707,2017-07-12,12482,29,25807,9,26,20,13,4
201707,2017-07-12,12483,32,25767,7,27,20,13,3
201707,2017-07-12,12484,32,25682,6,29,23,15,3
201707,2017-07-12,12485,32,24869,8,29,21,13,3
201707,2017-07-12,12486,33,24510,7,30,19,11,3
201707,2017-07-12,12487,29,25609,9,28,18,13,3
201707,2017-07-12,12488,32,25740,6,29,18,13,3
201707,2017-07-12,12489,28,24938,8,25,17,11,3
201707,2017-07-13,12465,32,24437,4,32,24,18,1
201707,2017-07-13,12466,37,25788,4,35,30,24,1
201707,2017-07-13,12467,34,24780,5,31,28,23,1
201707,2017-07-13,12468,40,24796,6,38,27,22,2
201707,2017-07-13,12469,34,24595,7,32,24,17,1
201707,2017-07-13,12470,39,24122,7,37,31,26,1
201707,2017-07-13,12471,38,25843,7,35,30,24,1
201707,2017-07-13,12483,29,25341,8,26,20,11,3
201707,2017-07-13,12484,32,24049,7,27,21,11,3
201707,2017-07-13,12485,33,24347,10,30,23,14,3
201707,2017-07-13,12486,31,24901,8,27,19,14,3
201707,2017-07-13,12487,33,24843,9,29,20,11,4
201707,2017-07-13,12488,30,25255,8,26,19,12,3
201707,2017-07-13,12489,31,24796,7,28,22,15,4
201707,2017-07-14,12465,39,24858,8,36,31,23,2
201707,2017-07-14,12466,38,25504,4,36,28,24,2
201707,2017-07-14,12467,37,24300,7,36,30,24,1
201707,2017-07-14,12468,35,25765,6,33,27,22,1
201707,2017-07-14,12469,38,25668,5,35,30,27,1
201707,2017-07-14,12470,32,24291,4,32,25,20,1
201707,2017-07-14,12471,38,24771,6,38,30,21,2
201707,2017-07-14,12473,36,24336,9,36,27,17,3
201707,2017-07-14,12474,32,25038,8,30,24,15,2
201707,2017-07-14,12475,35,25725,6,32,22,15,2
201707,2017-07-14,12476,33,25719,8,33,25,18,2
201707,2017-07-14,12477,32,25758,5,30,20,15,2
201707,2017-07-14,12478,35,24265,7,30,23,16,2
201707,2017-07-14,12479,34,25779,7,32,23,17,2
201707,2017-07-14,12480,34,24565,6,33,22,16,2
201707,2017-07-15,12473,32,24200,6,30,23,18,2
201707,2017-07-15,12474,33,25356,8,32,25,16,2
201707,2017-07-15,12475,31,24078,6,29,20,15,2
201707,2017-07-15,12476,30,24024,7,30,22,13,2
201707,2017-07-15,12477,36,25598,6,31,26,20,2
201707,2017-07-15,12478,31,25706,8,28,23,16,2
201707,2017-07-15,12479,36,24459,7,33,23,14,3
201707,2017-07-15,12481,36,25333,9,35,27,19,2
201707,2017-07-15,12482,33,25859,7,31,22,14,3
201707,2017-07-15,12483,28,25988,8,26,16,11,3
201707,2017-07-15,12484,30,24283,9,26,20,10,3
201707,2017-07-15,12485,31,24601,9,28,21,11,4
201707,2017-07-15,12486,30,24588,8,26,18,13,3
201707,2017-07-15,12487,28,25128,8,25,20,13,3
201707,2017-07-15,12488,29,25998,6,26,20,11,4
201707,2017-07-15,12489,28,25499,7,25,20,12,3
201707,2017-07-15,12490,30,24753,8,27,20,14,3
201707,2017-07-16,12465,37,24426,6,35,31,22,2
201707,2017-07-16,12466,40,24265,6,36,26,21,1
201707,2017-07-16,12467,34,25005,4,33,29,24,2
201707,2017-07-16,12468,36,24598,5,36,27,21,2
201707,2017-07-16,12469,35,24607,5,33,27,22,2
201707,2017-07-16,12470,33,24948,4,30,24,19,1
201707,2017-07-16,12471,38,24672,5,35,29,21,1
201707,2017-07-16,12472,40,24888,6,40,30,26,2
201707,2017-07-17,12465,34,24398,4,34,25,22,2
201707,2017-07-17,12466,40,24689,5,39,31,24,1
201707,2017-07-17,12467,34,24250,5,34,27,21,1
201707,2017-07-17,12468,40,24914,4,40,32,23,2
201707,2017-07-17,12469,37,25364,4,37,31,27,1
201707,2017-07-17,12470,36,25968,6,35,25,22,2
201707,2017-07-17,12471,35,25052,5,32,23,18,1
201707,2017-07-17,12472,34,25465,5,31,26,18,1
201707,2017-07-17,12473,30,24929,8,30,20,15,2
201707,2017-07-17,12474,36,24493,6,34,22,17,3
201707,2017-07-17,12475,36,25588,6,33,24,18,2
201707,2017-07-17,12476,31,24226,6,30,25,19,2
201707,2017-07-17,12477,36,24046,6,31,25,17,3
201707,2017-07-17,12478,36,25508,7,31,23,17,2
201707,2017-07-17,12479,30,25830,7,29,20,16,2
201707,2017-07-17,12481,33,25635,7,31,23,18,2
201707,2017-07-17,12482,29,24652,7,25,16,8,4
201707,2017-07-17,12483,30,24393,6,27,21,14,4
201707,2017-07-17,12484,30,24905,7,28,18,13,3
201707,2017-07-17,12485,28,25644,7,25,15,10,3
201707,2017-07-17,12486,28,25772,6,25,20,12,3
201707,2017-07-17,12487,30,24088,7,29,19,13,3
201707,2017-07-17,12488,31,25253,9,28,18,13,4
201707,2017-07-17,12489,32,25874,6,30,24,17,4
201707,2017-07-17,12490,29,24992,6,25,15,8,4
201707,2017-07-18,12465,32,25860,5,30,24,22,1
201707,2017-07-18,12466,36,24752,6,35,25,19,2
201707,2017-07-18,12467,39,24826,4,39,35,28,1
201707,2017-07-18,12468,39,25412,6,38,31,28,2
201707,2017-07-18,12469,37,25754,4,34,28,24,1
201707,2017-07-18,12470,32,24143,3,29,24,18,1
201707,2017-07-18,12471,37,25336,4,34,26,21,1
201707,2017-07-18,12472,35,24994,4,35,25,20,1
201707,2017-07-18,12473,35,24261,8,35,23,14,2
201707,2017-07-18,12474,30,25758,6,27,20,15,2
201707,2017-07-18,12475,31,25899,8,30,20,13,2
201707,2017-07-18,12476,32,25142,5,32,26,19,2
201707,2017-07-18,12477,33,24857,5,31,24,18,2
201707,2017-07-18,12478,35,25264,9,35,24,17,2
201707,2017-07-18,12479,32,25657,5,32,25,19,2
201707,2017-07-18,12481,30,24217,5,29,19,14,2
201707,2017-07-18,12482,28,24145,8,26,17,11,3
201707,2017-07-18,12483,32,25920,7,28,18,12,4
201707,2017-07-18,12484,32,25849,9,28,22,13,3
201707,2017-07-18,12485,31,24196,7,26,16,9,3
201707,2017-07-18,12486,30,24291,7,27,18,9,4
201707,2017-07-18,12487,31,25101,9,28,21,11,3
201707,2017-07-18,12488,33,25429,10,29,20,12,4
201707,2017-07-18,12489,32,24123,9,28,20,13,3
201707,2017-07-18,12490,31,25080,9,28,18,12,3
201707,2017-07-19,12473,35,24420,7,33,24,16,2
201707,2017-07-19,12474,31,25173,7,28,21,14,2
201707,2017-07-19,12475,32,24381,5,28,22,16,2
201707,2017-07-19,12476,35,25420,7,32,21,16,2
201707,2017-07-19,12477,32,24219,7,28,21,14,2
201707,2017-07-19,12478,33,24967,8,29,21,14,2
201707,2017-07-19,12479,36,24114,6,31,24,17,2
201707,2017-07-19,12481,36,25173,5,36,24,17,3
201707,2017-07-19,12482,33,24311,7,30,18,12,4
201707,2017-07-19,12483,33,25658,7,30,19,12,4
201707,2017-07-19,12484,29,25054,6,26,16,8,3
201707,2017-07-19,12485,32,25403,8,30,20,11,3
201707,2017-07-19,12486,33,24251,7,31,21,14,3
201707,2017-07-19,12487,30,24553,7,28,19,12,3
201707,2017-07-19,12488,33,25904,8,31,23,12,3
201707,2017-07-19,12489,33,24481,8,31,21,15,4
201707,2017-07-19,12490,29,24513,8,25,17,9,4
201707,2017-07-20,12465,33,25283,6,30,26,18,1
201707,2017-07-20,12466,35,25720,5,34,30,25,1
201707,2017-07-20,12467,34,24788,4,31,27,22,2
201707,2017-07-20,12468,34,24093,4,31,24,22,2
201707,2017-07-20,12469,35,25721,4,33,26,21,1
201707,2017-07-20,12470,39,25369,4,36,28,25,1
201707,2017-07-20,12471,32,25858,4,31,24,17,1
201707,2017-07-20,12472,34,25861,3,31,26,19,1
201707,2017-07-20,12483,32,25611,7,29,17,11,3
201707,2017-07-20,12484,31,24281,7,27,18,13,3
201707,2017-07-20,12485,33,25412,8,30,24,18,4
201707,2017-07-20,12486,30,24237,7,28,19,10,4
201707,2017-07-20,12487,30,25017,7,28,21,13,3
201707,2017-07-20,12488,28,25408,8,25,19,12,3
201707,2017-07-20,12489,28,24760,6,25,17,11,3
201707,2017-07-20,12490,31,24517,9,28,20,14,4
201707,2017-07-21,12466,32,24939,5,32,26,22,1
201707,2017-07-21,12467,33,25082,7,33,25,22,2
201707,2017-07-21,12468,34,25927,5,31,23,21,2
201707,2017-07-21,12469,39,25595,7,39,32,28,1
201707,2017-07-21,12470,35,24372,6,32,26,20,1
201707,2017-07-21,12471,33,24162,6,32,27,22,1
201707,2017-07-21,12472,33,25049,4,32,26,20,2
201707,2017-07-21,12473,35,24320,6,30,23,16,2
201707,2017-07-21,12474,35,25844,8,32,23,17,2
201707,2017-07-21,12475,33,24783,7,29,24,18,2
201707,2017-07-21,12476,36,24642,6,35,28,17,2
201707,2017-07-21,12477,33,25917,6,30,20,13,2
201707,2017-07-21,12478,33,24271,8,31,21,16,2
201707,2017-07-21,12479,32,24825,5,32,21,14,2
201707,2017-07-21,12481,31,25915,7,26,19,15,2
201707,2017-07-22,12473,31,24486,7,28,20,16,2
201707,2017-07-22,12474,30,25456,5,28,20,14,2
201707,2017-07-22,12475,32,25815,7,30,23,18,2
201707,2017-07-22,12476,36,25949,8,35,27,19,2
201707,2017-07-22,12477,33,25817,6,30,22,17,2
201707,2017-07-22,12478,33,24039,8,31,24,16,2
201707,2017-07-22,12479,30,25434,7,28,21,16,2
201707,2017-07-22,12481,31,24453,8,27,23,18,2
201707,2017-07-22,12483,32,24673,9,28,17,12,4
201707,2017-07-22,12484,32,24454,9,29,21,15,4
201707,2017-07-22,12485,31,25410,7,28,17,10,3
201707,2017-07-22,12486,30,24504,8,26,16,11,3
201707,2017-07-22,12487,28,24432,8,25,17,10,4
201707,2017-07-22,12488,33,24658,8,28,20,14,3
201707,2017-07-22,12489,32,24730,9,29,19,10,4
201707,2017-07-22,12490,29,25575,6,25,18,12,4
201707,2017-07-23,12466,40,24999,7,38,34,27,1
201707,2017-07-23,12467,34,25337,6,31,26,21,1
201707,2017-07-23,12468,36,24924,7,32,29,21,2
201707,2017-07-23,12469,38,25801,4,35,25,18,2
201707,2017-07-23,12470,32,25545,5,29,21,16,1
201707,2017-07-23,12471,39,24498,8,35,28,21,2
201707,2017-07-23,12472,39,25952,4,38,33,23,1
201707,2017-07-24,12465,33,25504,6,30,23,16,2
201707,2017-07-24,12466,33,24625,4,30,25,19,1
201707,2017-07-24,12467,40,25648,5,40,35,25,2
201707,2017-07-24,12468,35,24908,6,33,25,18,2
201707,2017-07-24,12469,33,25523,4,31,25,19,1
201707,2017-07-24,12470,36,25644,5,33,27,22,2
201707,2017-07-24,12471,40,25145,7,40,30,23,1
201707,2017-07-24,12472,33,25940,6,31,22,18,2
201707,2017-07-24,12473,33,25173,5,30,24,16,2
201707,2017-07-24,12474,36,24772,8,33,27,19,2
201707,2017-07-24,12475,30,24939,7,28,23,18,2
201707,2017-07-24,12476,32,24814,8,31,25,20,2
201707,2017-07-24,12477,32,24804,6,31,21,13,2
201707,2017-07-24,12478,34,25106,7,29,25,20,2
201707,2017-07-24,12479,34,24918,5,33,24,16,2
201707,2017-07-24,12481,35,25566,8,33,22,13,2
201707,2017-07-24,12482,33,24249,9,28,19,12,3
201707,2017-07-24,12483,29,25044,8,26,20,13,3
201707,2017-07-24,12484,32,25643,7,29,20,15,4
201707,2017-07-24,12485,32,25037,7,28,18,10,4
201707,2017-07-24,12486,32,24846,9,30,18,11,4
201707,2017-07-24,12487,31,24306,7,27,20,13,3
201707,2017-07-24,12488,33,25584,7,30,20,12,4
201707,2017-07-24,12489,28,25831,8,25,20,12,3
201707,2017-07-24,12490,29,24925,6,26,20,14,3
201707,2017-07-25,12465,34,25686,4,31,24,18,1
201707,2017-07-25,12466,38,24635,7,37,29,26,2
201707,2017-07-25,12467,35,24044,5,32,25,21,1
201707,2017-07-25,12468,37,24943,6,36,32,25,2
201707,2017-07-25,12469,36,25726,7,33,28,22,1
201707,2017-07-25,12470,33,24393,6,32,28,20,1
201707,2017-07-25,12471,37,25454,7,35,29,25,2
201707,2017-07-25,12472,34,25199,4,33,24,20,1
201707,2017-07-25,12473,32,25308,6,31,24,18,2
201707,2017-07-25,12474,30,24842,6,27,20,14,2
201707,2017-07-25,12475,33,25292,7,29,25,19,2
201707,2017-07-25,12476,35,25004,7,34,27,18,2
201707,2017-07-25,12477,33,24733,8,33,23,17,2
201707,2017-07-25,12478,36,25590,7,31,26,16,3
201707,2017-07-25,12479,33,24768,5,28,23,17,2
201707,2017-07-25,12481,31,24845,7,30,23,14,2
201707,2017-07-25,12482,31,25252,8,29,22,13,3
201707,2017-07-25,12483,28,25450,6,24,17,9,3
201707,2017-07-25,12484,33,24815,10,28,20,10,4
201707,2017-07-25,12485,30,25678,7,26,17,11,4
201707,2017-07-25,12486,32,25454,6,28,22,12,4
201707,2017-07-25,12487,33,25218,8,28,18,9,3
201707,2017-07-25,12488,28,25183,7,25,18,13,3
201707,2017-07-25,12489,32,24475,7,30,19,11,3
201707,2017-07-26,12473,32,25869,6,29,22,15,2
201707,2017-07-26,12474,30,24951,7,28,21,16,2
201707,2017-07-26,12475,33,24118,5,30,24,18,2
201707,2017-07-26,12476,33,24377,8,29,24,18,2
201707,2017-07-26,12477,36,24595,8,31,22,17,2
201707,2017-07-26,12478,35,25924,6,31,23,18,2
201707,2017-07-26,12479,34,25094,6,31,22,17,2
201707,2017-07-26,12481,34,25962,6,31,22,15,2
201707,2017-07-26,12482,33,24409,9,30,22,15,4
201707,2017-07-26,12483,28,24080,7,25,18,12,4
201707,2017-07-26,12484,28,24767,6,25,17,9,4
201707,2017-07-26,12485,31,25893,7,27,17,10,4
201707,2017-07-26,12486,32,24332,7,29,20,10,3
201707,2017-07-26,12487,30,25623,6,27,20,12,3
201707,2017-07-26,12488,32,24951,9,29,23,15,3
201707,2017-07-26,12489,32,24909,8,28,18,10,4
201707,2017-07-27,12465,32,25441,6,30,26,23,1
201707,2017-07-27,12466,36,25091,6,34,27,23,1
201707,2017-07-27,12467,32,24421,6,30,21,17,1
201707,2017-07-27,12468,38,24069,5,35,25,22,1
201707,2017-07-27,12469,34,24703,4,31,28,24,1
201707,2017-07-27,12470,39,24631,8,39,32,27,1
201707,2017-07-27,12471,35,25398,5,33,28,20,1
201707,2017-07-27,12472,37,25416,7,36,27,22,1
201707,2017-07-27,12482,33,24236,10,29,22,15,4
201707,2017-07-27,12483,30,25150,6,27,16,11,4
201707,2017-07-27,12484,33,25607,10,30,23,16,4
201707,2017-07-27,12485,32,24162,6,28,18,11,4
201707,2017-07-27,12486,30,24546,8,27,17,11,3
201707,2017-07-27,12487,30,25581,6,28,22,11,3
201707,2017-07-27,12488,32,24591,9,30,18,11,4
201707,2017-07-27,12489,32,25191,8,30,20,12,3
201707,2017-07-27,12490,32,25145,9,29,17,12,3
201707,2017-07-28,12465,39,25858,7,38,33,25,2
201707,2017-07-28,12466,38,25976,5,37,30,24,2
201707,2017-07-28,12467,35,24450,6,35,29,20,2
201707,2017-07-28,12468,39,25503,7,36,26,19,2
201707,2017-07-28,12469,34,24964,4,32,25,20,1
201707,2017-07-28,12470,36,24845,5,32,25,21,1
201707,2017-07-28,12471,39,25285,6,39,32,25,2
201707,2017-07-28,12474,33,24338,7,32,23,18,2
201707,2017-07-28,12475,32,25760,8,32,25,17,2
201707,2017-07-28,12476,33,24584,6,29,23,17,2
201707,2017-07-28,12477,30,25169,6,26,17,11,2
201707,2017-07-28,12478,32,24001,8,30,23,18,2
201707,2017-07-28,12479,32,24028,7,31,23,15,2
201707,2017-07-28,12481,31,25594,5,31,26,18,2
201707,2017-07-29,12474,33,24446,8,29,20,14,2
201707,2017-07-29,12475,35,24801,7,30,24,17,2
201707,2017-07-29,12476,34,24357,8,29,23,17,2
201707,2017-07-29,12477,31,24434,5,29,21,16,2
201707,2017-07-29,12478,31,24126,5,28,22,16,2
201707,2017-07-29,12479,33,24055,8,32,24,19,2
201707,2017-07-29,12481,31,24625,6,30,23,18,2
201707,2017-07-29,12482,28,25658,7,25,18,11,3
201707,2017-07-29,12483,32,25856,10,30,21,13,4
201707,2017-07-29,12484,29,25109,7,26,16,8,3
201707,2017-07-29,12485,29,24008,6,28,22,13,3
201707,2017-07-29,12486,33,24308,10,30,21,11,4
201707,2017-07-29,12487,28,24463,7,24,19,11,4
201707,2017-07-29,12488,30,24874,7,28,18,13,4
201707,2017-07-29,12489,32,25417,7,29,19,13,3
201707,2017-07-29,12490,32,24077,9,30,21,14,4
201707,2017-07-30,12465,39,25577,4,39,30,21,1
201707,2017-07-30,12466,36,24826,6,32,28,24,1
201707,2017-07-30,12467,35,24238,4,33,25,20,2
201707,2017-07-30,12468,40,25691,8,39,30,26,2
201707,2017-07-30,12469,37,25101,4,37,32,27,1
201707,2017-07-30,12470,40,24027,6,38,32,28,2
201707,2017-07-30,12471,32,24850,4,29,24,17,2
201707,2017-07-30,12472,40,25070,6,39,32,23,2
201707,2017-07-31,12465,32,25559,3,30,22,18,1
201707,2017-07-31,12466,34,24104,5,33,26,21,1
201707,2017-07-31,12467,35,25838,4,33,28,25,1
201707,2017-07-31,12468,35,24819,5,35,31,28,1
201707,2017-07-31,12469,38,24492,8,36,31,26,2
201707,2017-07-31,12470,32,25470,4,30,26,21,1
201707,2017-07-31,12471,38,25297,6,38,28,23,2
201707,2017-07-31,12472,39,24313,6,35,28,24,1
201707,2017-07-31,12473,35,25559,7,31,25,16,2
201707,2017-07-31,12474,32,25887,5,27,23,14,2
201707,2017-07-31,12475,36,25776,6,31,21,16,2
201707,2017-07-31,12476,31,25143,7,30,20,12,2
201707,2017-07-31,12477,36,25147,8,31,26,19,3
201707,2017-07-31,12478,31,25750,5,28,18,14,2
201707,2017-07-31,12479,32,24854,6,28,21,16,2
201707,2017-07-31,12481,34,24590,7,31,26,18,2
201707,2017-07-31,12482,33,25761,9,30,23,12,3
201707,2017-07-31,12483,28,25152,6,24,17,10,4
201707,2017-07-31,12484,31,24893,7,29,19,14,3
201707,2017-07-31,12485,28,24682,8,26,21,11,3
201707,2017-07-31,12486,32,25802,7,30,23,15,3
201707,2017-07-31,12487,33,24173,10,28,19,13,4
201707,2017-07-31,12488,33,24398,10,31,21,11,4
201707,2017-07-31,12489,33,25658,7,29,20,11,4
201707,2017-07-31,12490,32,25922,8,27,17,10,3
201708,2017-08-01,12465,38,24945,4,35,25,20,2
201708,2017-08-01,12466,35,24509,4,32,28,25,1
201708,2017-08-01,12467,36,25982,7,33,25,18,1
201708,2017-08-01,12468,34,24839,3,32,24,21,2
201708,2017-08-01,12469,34,25143,5,32,26,20,2
201708,2017-08-01,12470,35,24962,4,32,27,22,2
201708,2017-08-01,12471,37,24626,4,33,25,20,2
201708,2017-08-01,12472,37,25926,7,36,26,23,1
201708,2017-08-01,12473,30,24835,5,27,22,14,2
201708,2017-08-01,12474,32,25886,7,29,24,18,2
201708,2017-08-01,12475,32,25315,8,30,21,14,2
201708,2017-08-01,12476,32,25999,6,28,22,15,2
201708,2017-08-01,12477,35,24415,5,35,27,17,2
201708,2017-08-01,12478,30,24463,6,27,23,15,2
201708,2017-08-01,12479,30,25125,6,30,21,13,2
201708,2017-08-01,12481,33,24523,8,31,24,19,2
201708,2017-08-01,12482,30,25530,9,26,16,9,4
201708,2017-08-01,12483,31,25885,7,26,16,9,4
201708,2017-08-01,12484,33,24060,9,29,20,13,4
201708,2017-08-01,12485,30,25656,7,26,19,11,3
201708,2017-08-01,12486,30,24448,9,27,20,10,4
201708,2017-08-01,12487,31,24963,8,29,17,12,4
201708,2017-08-01,12488,28,25777,6,26,19,11,3
201708,2017-08-01,12489,28,25733,6,25,16,9,3
201708,2017-08-01,12490,33,25256,8,30,21,15,4
201708,2017-08-02,12473,31,24478,7,29,21,17,2
201708,2017-08-02,12474,33,24823,7,31,23,16,2
201708,2017-08-02,12475,35,25609,6,33,23,15,2
201708,2017-08-02,12476,33,24077,5,30,21,15,2
201708,2017-08-02,12477,31,25615,7,28,19,12,2
201708,2017-08-02,12478,32,26000,6,29,19,12,2
201708,2017-08-02,12479,32,24811,5,29,19,15,2
201708,2017-08-02,12481,36,25013,6,33,21,13,2
201708,2017-08-02,12482,30,24308,8,26,21,11,4
201708,2017-08-02,12483,33,25244,7,28,17,11,3
201708,2017-08-02,12484,32,24857,8,29,22,15,4
201708,2017-08-02,12485,31,25726,8,27,21,14,4
201708,2017-08-02,12486,32,24126,7,28,22,16,4
201708,2017-08-02,12487,29,24455,6,27,16,12,3
201708,2017-08-02,12488,33,25730,10,29,20,13,3
201708,2017-08-02,12489,30,24605,7,27,16,9,3
201708,2017-08-03,12465,32,25850,4,29,21,17,1
201708,2017-08-03,12466,33,25588,6,30,22,16,1
201708,2017-08-03,12467,36,24646,6,33,27,20,1
201708,2017-08-03,12468,38,25253,5,37,30,23,2
201708,2017-08-03,12469,33,24229,5,33,28,25,1
201708,2017-08-03,12470,32,24498,4,32,28,21,1
201708,2017-08-03,12471,32,25829,4,30,23,21,1
201708,2017-08-03,12472,34,24650,3,34,24,18,1
201708,2017-08-03,12482,33,25292,9,29,21,14,4
201708,2017-08-03,12483,33,25040,8,31,20,12,3
201708,2017-08-03,12484,29,25811,8,25,16,10,3
201708,2017-08-03,12485,32,25085,8,28,22,13,4
201708,2017-08-03,12486,28,24918,6,26,19,14,3
201708,2017-08-03,12487,32,25855,9,27,20,14,3
201708,2017-08-03,12488,29,24706,6,27,22,13,3
201708,2017-08-03,12489,32,25565,9,30,22,15,4
201708,2017-08-03,12490,31,24709,6,28,20,13,4
201708,2017-08-04,12465,39,25299,6,35,32,24,2
201708,2017-08-04,12466,40,24589,4,39,28,20,2
201708,2017-08-04,12467,33,24973,3,32,28,25,1
201708,2017-08-04,12468,38,25526,4,36,25,19,2
201708,2017-08-04,12469,38,25933,8,36,26,23,1
201708,2017-08-04,12470,38,25659,4,35,28,24,2
201708,2017-08-04,12471,37,25935,4,37,27,22,2
201708,2017-08-04,12472,35,25208,6,33,26,23,1
201708,2017-08-04,12473,36,24699,6,33,27,17,3
201708,2017-08-04,12474,36,25926,8,32,25,17,2
201708,2017-08-04,12475,31,24314,7,27,20,16,2
201708,2017-08-04,12476,33,24707,6,30,22,17,2
201708,2017-08-04,12477,35,25926,8,30,20,14,2
201708,2017-08-04,12478,35,25814,7,31,24,17,2
201708,2017-08-04,12479,35,24767,7,32,26,16,2
201708,2017-08-04,12481,31,25308,8,26,17,13,2
201708,2017-08-05,12473,35,25689,6,33,25,20,2
201708,2017-08-05,12474,32,24107,7,28,19,15,2
201708,2017-08-05,12475,32,24557,7,29,21,13,2
201708,2017-08-05,12476,34,25746,9,30,23,16,2
201708,2017-08-05,12479,31,25375,5,30,25,18,2
201708,2017-08-05,12481,30,24811,6,26,20,13,2
201708,2017-08-05,12482,32,24577,7,30,24,17,4
201708,2017-08-05,12483,28,25493,6,25,17,10,3
201708,2017-08-05,12484,29,24152,6,26,17,11,3
201708,2017-08-05,12485,29,24626,8,25,17,10,3
201708,2017-08-05,12486,32,25383,8,30,23,16,3
201708,2017-08-05,12487,30,24818,7,28,21,14,3
201708,2017-08-05,12488,29,24423,9,27,16,10,3
201708,2017-08-05,12489,28,24487,8,26,18,9,4
201708,2017-08-05,12490,31,24446,7,27,21,12,3
201708,2017-08-06,12465,39,24317,7,39,27,24,2
201708,2017-08-06,12466,35,24498,5,35,31,27,1
201708,2017-08-06,12467,38,24704,6,37,26,19,2
201708,2017-08-06,12468,35,24618,5,33,27,21,1
201708,2017-08-06,12469,39,25007,5,37,29,22,2
201708,2017-08-06,12470,36,24000,7,34,27,22,2
201708,2017-08-06,12471,36,24611,5,36,29,23,1
201708,2017-08-06,12472,34,24302,5,33,27,21,1
201708,2017-08-07,12465,40,25259,8,39,29,21,2
201708,2017-08-07,12466,39,24021,5,38,27,20,2
201708,2017-08-07,12467,35,24936,5,32,29,24,1
201708,2017-08-07,12468,35,25264,5,34,26,18,2
201708,2017-08-07,12469,34,24109,5,32,26,18,1
201708,2017-08-07,12470,37,24675,7,37,33,25,1
201708,2017-08-07,12471,38,24743,8,38,31,25,2
201708,2017-08-07,12472,37,25792,7,37,26,21,1
201708,2017-08-07,12473,32,25195,5,30,22,16,2
201708,2017-08-07,12474,32,25285,8,31,22,16,2
201708,2017-08-07,12475,34,25225,6,29,19,13,2
201708,2017-08-07,12476,31,24813,5,30,20,15,2
201708,2017-08-07,12479,35,25669,5,34,24,15,2
201708,2017-08-07,12481,35,25037,8,30,21,13,2
201708,2017-08-07,12482,30,25908,6,27,17,9,3
201708,2017-08-07,12483,32,24382,8,28,18,10,4
201708,2017-08-07,12484,30,25171,6,27,22,16,3
201708,2017-08-07,12485,30,24970,9,29,19,13,3
201708,2017-08-07,12486,32,25883,9,28,19,10,4
201708,2017-08-07,12487,31,25521,8,29,23,12,3
201708,2017-08-07,12488,32,25294,8,28,21,14,3
201708,2017-08-07,12489,28,25408,6,25,19,13,3
201708,2017-08-07,12490,28,25284,6,25,19,12,3
201708,2017-08-08,12465,39,24062,7,37,32,26,2
201708,2017-08-08,12466,39,24485,4,36,32,25,2
201708,2017-08-08,12467,39,24399,5,38,31,22,2
201708,2017-08-08,12468,39,25718,6,38,30,26,1
201708,2017-08-08,12469,38,24211,7,38,34,30,2
201708,2017-08-08,12470,36,24087,7,36,32,25,2
201708,2017-08-08,12471,37,25104,4,37,30,22,1
201708,2017-08-08,12472,34,24961,5,34,26,21,1
201708,2017-08-08,12473,32,24065,5,29,23,17,2
201708,2017-08-08,12474,34,24344,7,33,26,18,2
201708,2017-08-08,12475,30,25125,5,28,19,14,2
201708,2017-08-08,12476,36,24573,6,33,27,18,2
201708,2017-08-08,12479,31,24325,7,29,22,15,2
201708,2017-08-08,12481,35,25315,6,35,24,19,2
201708,2017-08-08,12482,33,24664,7,29,21,15,4
201708,2017-08-08,12483,33,24853,9,31,19,14,4
201708,2017-08-08,12484,32,25489,10,28,21,13,4
201708,2017-08-08,12485,33,25368,9,28,20,14,3
201708,2017-08-08,12486,32,24379,7,28,22,16,4
201708,2017-08-08,12487,31,25850,9,27,21,14,4
201708,2017-08-08,12488,29,24351,8,26,18,10,3
201708,2017-08-08,12489,32,24244,8,30,21,12,4
201708,2017-08-08,12490,28,25153,7,25,16,10,3
201708,2017-08-09,12473,36,25340,9,36,26,17,3
201708,2017-08-09,12474,30,24580,8,26,20,14,2
201708,2017-08-09,12475,30,24999,5,30,22,17,2
201708,2017-08-09,12476,32,24002,5,30,24,17,2
201708,2017-08-09,12477,30,24797,5,27,21,15,2
201708,2017-08-09,12478,31,24016,8,27,21,13,2
201708,2017-08-09,12479,32,25329,7,29,21,16,2
201708,2017-08-09,12481,32,25620,6,32,24,15,2
201708,2017-08-09,12486,28,24239,6,25,19,10,3
201708,2017-08-09,12487,28,25102,8,26,16,12,3
201708,2017-08-09,12488,31,25829,7,29,20,13,3
201708,2017-08-09,12489,29,25455,6,28,20,13,3
201708,2017-08-09,12490,28,25659,7,25,18,12,3
201708,2017-08-10,12465,40,24313,8,39,32,24,2
201708,2017-08-10,12466,35,25705,5,35,32,23,2
201708,2017-08-10,12467,33,25691,7,32,24,21,1
201708,2017-08-10,12468,37,25295,5,34,27,24,2
201708,2017-08-10,12469,38,24649,7,36,27,22,2
201708,2017-08-10,12470,33,25091,4,30,26,20,1
201708,2017-08-10,12471,40,24657,6,36,30,25,2
201708,2017-08-10,12472,33,25212,5,32,28,22,2
201708,2017-08-10,12482,33,25258,8,30,23,14,4
201708,2017-08-10,12483,31,24415,9,29,19,10,3
201708,2017-08-10,12484,30,24337,9,27,21,11,4
201708,2017-08-10,12489,31,25931,7,28,17,9,4
201708,2017-08-10,12490,31,24636,7,28,17,12,3
201708,2017-08-11,12465,38,25178,7,36,26,23,2
201708,2017-08-11,12466,32,25414,4,30,22,18,1
201708,2017-08-11,12467,35,25770,7,34,27,20,1
201708,2017-08-11,12468,35,24673,4,32,28,21,1
201708,2017-08-11,12469,38,24614,5,38,27,23,2
201708,2017-08-11,12470,33,24210,5,30,25,19,1
201708,2017-08-11,12471,39,25796,6,38,28,22,1
201708,2017-08-11,12472,40,24545,6,40,32,22,1
201708,2017-08-11,12473,33,24071,6,31,24,17,2
201708,2017-08-11,12474,31,25585,5,26,19,13,2
201708,2017-08-11,12475,35,24887,8,35,25,20,2
201708,2017-08-11,12476,36,24957,7,35,29,20,3
201708,2017-08-11,12477,31,24109,7,31,23,16,2
201708,2017-08-11,12478,30,24435,5,26,22,17,2
201708,2017-08-11,12479,36,24659,9,33,22,15,2
201708,2017-08-11,12481,36,24768,6,31,20,16,2
201708,2017-08-12,12473,36,24968,7,33,26,18,2
201708,2017-08-12,12474,35,24041,7,35,29,22,2
201708,2017-08-12,12475,32,25283,6,28,24,15,2
201708,2017-08-12,12476,34,25393,8,33,22,17,2
201708,2017-08-12,12477,31,25241,8,30,24,18,2
201708,2017-08-12,12478,33,25456,6,30,23,17,2
201708,2017-08-12,12479,36,24592,8,33,28,18,2
201708,2017-08-12,12481,31,24097,5,30,25,20,2
201708,2017-08-12,12482,30,25949,8,26,19,13,3
201708,2017-08-12,12483,28,25848,8,25,19,13,3
201708,2017-08-12,12484,30,24117,8,26,20,12,3
201708,2017-08-12,12485,33,25053,8,29,18,11,4
201708,2017-08-12,12486,32,24061,7,28,20,11,3
201708,2017-08-12,12487,28,25070,6,25,18,13,3
201708,2017-08-12,12488,28,24233,8,26,18,12,3
201708,2017-08-12,12489,32,25681,10,30,23,17,3
201708,2017-08-12,12490,33,24181,9,31,24,14,4
201708,2017-08-13,12465,38,24414,4,38,32,27,2
201708,2017-08-13,12466,36,25221,5,32,29,22,1
201708,2017-08-13,12467,37,25553,4,35,31,22,1
201708,2017-08-13,12468,39,24675,5,39,31,27,1
201708,2017-08-13,12470,38,24246,7,36,32,24,1
201708,2017-08-13,12471,33,25491,7,31,22,16,1
201708,2017-08-13,12472,35,25990,4,34,24,17,1
201708,2017-08-14,12465,40,25331,8,36,30,24,1
201708,2017-08-14,12466,38,25878,8,36,27,24,1
201708,2017-08-14,12467,38,24377,5,37,33,25,1
201708,2017-08-14,12468,37,25904,7,34,24,20,2
201708,2017-08-14,12470,35,25531,5,33,28,25,1
201708,2017-08-14,12471,35,24026,5,35,25,22,1
201708,2017-08-14,12472,32,24109,5,32,26,22,2
201708,2017-08-14,12473,32,25358,8,28,18,14,2
201708,2017-08-14,12474,36,25067,9,32,26,16,2
201708,2017-08-14,12475,36,24408,5,33,24,19,2
201708,2017-08-14,12476,31,25267,6,26,21,14,2
201708,2017-08-14,12477,35,25129,6,31,25,16,2
201708,2017-08-14,12478,34,24995,7,32,22,13,2
201708,2017-08-14,12479,33,24455,7,31,24,18,2
201708,2017-08-14,12481,33,25051,5,32,22,16,2
201708,2017-08-14,12482,30,24682,8,26,17,9,3
201708,2017-08-14,12483,33,25400,9,31,23,15,4
201708,2017-08-14,12484,28,24342,7,27,21,14,3
201708,2017-08-14,12485,28,24610,8,24,18,11,4
201708,2017-08-14,12486,28,25867,6,24,16,11,3
201708,2017-08-14,12487,28,25614,8,24,18,12,3
201708,2017-08-14,12488,32,25003,8,28,18,11,3
201708,2017-08-14,12489,33,24508,9,29,22,14,3
201708,2017-08-14,12490,30,24701,8,26,17,11,4
201708,2017-08-15,12465,39,24401,5,35,29,21,2
201708,2017-08-15,12466,32,25336,5,29,26,23,2
201708,2017-08-15,12467,32,24239,5,29,25,19,1
201708,2017-08-15,12468,39,25037,4,35,30,23,2
201708,2017-08-15,12469,32,24502,6,31,26,21,1
201708,2017-08-15,12470,40,24281,6,38,29,20,2
201708,2017-08-15,12471,34,24018,3,32,29,20,1
201708,2017-08-15,12472,35,24831,4,32,26,23,1
201708,2017-08-15,12473,36,25991,8,35,25,20,2
201708,2017-08-15,12474,32,24191,5,31,26,18,2
201708,2017-08-15,12475,33,24859,6,30,22,14,2
201708,2017-08-15,12476,36,24256,6,35,26,21,3
201708,2017-08-15,12477,36,24349,7,36,28,22,2
201708,2017-08-15,12478,32,25665,7,30,24,16,2
201708,2017-08-15,12479,34,25202,6,29,21,14,2
201708,2017-08-15,12481,31,25212,6,28,21,14,2
201708,2017-08-15,12482,30,24531,8,26,21,14,4
201708,2017-08-15,12483,28,24630,8,26,20,12,3
201708,2017-08-15,12484,30,25161,8,28,18,10,4
201708,2017-08-15,12485,32,24316,10,28,17,11,4
201708,2017-08-15,12486,31,25071,7,28,20,13,3
201708,2017-08-15,12487,32,24959,7,28,19,10,4
201708,2017-08-15,12488,33,25901,8,29,18,11,4
201708,2017-08-15,12489,33,25624,8,29,22,15,3
201708,2017-08-15,12490,29,25154,8,25,17,10,4
201708,2017-08-16,12473,35,25805,9,32,26,16,2
201708,2017-08-16,12474,35,25362,6,31,22,15,2
201708,2017-08-16,12475,36,24163,8,33,24,16,3
201708,2017-08-16,12476,30,25718,5,28,20,15,2
201708,2017-08-16,12477,30,25880,6,28,22,14,2
201708,2017-08-16,12478,31,24136,7,28,23,15,2
201708,2017-08-16,12479,33,24266,6,28,21,14,2
201708,2017-08-16,12481,36,24325,8,32,22,14,2
201708,2017-08-16,12482,28,24668,6,27,16,10,4
201708,2017-08-16,12483,28,25079,6,27,17,10,4
201708,2017-08-16,12484,29,25523,7,27,17,10,4
201708,2017-08-16,12485,33,24281,7,30,19,11,3
201708,2017-08-16,12486,29,25524,6,25,17,12,3
201708,2017-08-16,12487,32,24846,6,29,18,13,3
201708,2017-08-16,12488,28,24651,6,24,17,10,3
201708,2017-08-16,12489,31,24573,7,29,22,13,3
201708,2017-08-16,12490,32,25345,7,30,20,14,4
201708,2017-08-17,12465,36,25813,5,36,32,29,1
201708,2017-08-17,12466,38,24236,5,36,28,20,2
201708,2017-08-17,12467,34,24189,3,31,24,20,1
201708,2017-08-17,12468,35,25140,5,32,23,21,2
201708,2017-08-17,12469,34,25528,4,31,25,19,1
201708,2017-08-17,12470,32,25579,4,29,23,18,2
201708,2017-08-17,12471,37,24265,7,36,31,26,1
201708,2017-08-17,12472,37,25687,6,35,27,22,1
201708,2017-08-17,12482,28,25791,7,25,16,10,3
201708,2017-08-17,12483,30,24669,6,27,17,10,3
201708,2017-08-17,12484,33,25322,7,31,19,12,3
201708,2017-08-17,12485,29,25147,6,27,19,10,3
201708,2017-08-17,12486,31,24094,8,29,18,11,3
201708,2017-08-17,12487,31,25636,7,26,16,9,4
201708,2017-08-17,12488,29,25270,8,25,20,13,3
201708,2017-08-17,12489,33,24377,7,30,23,12,4
201708,2017-08-18,12465,38,24806,6,36,26,23,2
201708,2017-08-18,12466,34,24023,6,32,29,23,1
201708,2017-08-18,12467,32,25525,4,31,23,21,1
201708,2017-08-18,12468,34,25442,6,31,22,17,1
201708,2017-08-18,12469,35,25867,4,32,25,21,1
201708,2017-08-18,12470,38,24133,7,37,27,24,2
201708,2017-08-18,12471,38,25741,5,38,27,21,1
201708,2017-08-18,12472,40,24179,7,40,32,26,1
201708,2017-08-18,12473,32,24729,6,30,22,16,2
201708,2017-08-18,12474,36,24825,5,33,22,17,3
201708,2017-08-18,12475,33,24412,6,32,23,15,2
201708,2017-08-18,12476,33,24024,6,31,26,20,2
201708,2017-08-18,12477,36,24506,8,33,28,22,2
201708,2017-08-18,12478,35,24559,9,33,22,17,2
201708,2017-08-18,12479,35,24308,8,35,25,17,2
201708,2017-08-18,12481,31,24971,7,28,23,16,2
201708,2017-08-19,12473,36,24909,9,33,26,18,2
201708,2017-08-19,12474,33,25863,6,29,23,16,2
201708,2017-08-19,12475,33,25306,6,28,21,16,2
201708,2017-08-19,12476,30,25283,7,27,21,15,2
201708,2017-08-19,12477,31,25385,6,26,20,15,2
201708,2017-08-19,12478,36,25256,9,36,26,21,2
201708,2017-08-19,12479,31,24587,6,29,21,14,2
201708,2017-08-19,12481,33,25657,6,30,22,17,2
201708,2017-08-19,12482,32,24189,6,27,21,13,4
201708,2017-08-19,12483,29,24732,7,26,20,11,3
201708,2017-08-19,12484,29,24077,6,27,18,13,4
201708,2017-08-19,12485,32,25762,8,28,21,12,4
201708,2017-08-19,12486,30,24036,8,26,20,13,3
201708,2017-08-19,12487,30,25133,8,28,19,11,3
201708,2017-08-19,12488,30,25533,8,29,19,12,3
201708,2017-08-19,12489,28,25292,8,24,14,9,3
201708,2017-08-20,12465,35,25255,6,34,29,26,2
201708,2017-08-20,12466,33,24791,6,30,26,19,1
201708,2017-08-20,12467,39,24264,4,38,29,23,2
201708,2017-08-20,12468,32,24375,4,30,22,17,2
201708,2017-08-20,12469,36,24475,7,36,27,22,1
201708,2017-08-20,12470,39,25930,7,35,28,25,1
201708,2017-08-20,12471,36,24603,5,33,24,19,1
201708,2017-08-20,12472,32,24674,4,29,24,17,1
201708,2017-08-21,12465,39,24779,8,37,33,24,1
201708,2017-08-21,12466,35,25598,4,32,28,24,1
201708,2017-08-21,12467,35,25621,4,34,28,21,1
201708,2017-08-21,12468,39,25486,5,36,25,19,2
201708,2017-08-21,12469,37,24839,6,34,28,22,2
201708,2017-08-21,12470,34,25246,5,33,24,21,2
201708,2017-08-21,12471,34,25972,5,34,26,20,1
201708,2017-08-21,12472,32,24090,6,30,24,22,2
201708,2017-08-21,12473,35,25108,8,30,21,13,2
201708,2017-08-21,12474,35,25549,8,32,27,18,2
201708,2017-08-21,12475,33,25945,7,31,25,20,2
201708,2017-08-21,12476,35,25476,8,33,22,18,2
201708,2017-08-21,12477,33,24410,5,29,24,18,2
201708,2017-08-21,12478,35,25367,8,35,25,20,2
201708,2017-08-21,12479,35,24571,8,33,26,20,2
201708,2017-08-21,12481,36,25705,8,33,25,16,2
201708,2017-08-21,12482,30,25966,9,28,19,11,4
201708,2017-08-21,12483,28,24097,7,26,17,12,4
201708,2017-08-21,12484,33,25032,7,29,20,14,4
201708,2017-08-21,12485,28,24465,7,26,20,11,4
201708,2017-08-21,12486,33,24844,10,30,22,16,4
201708,2017-08-21,12487,32,25050,7,29,22,14,3
201708,2017-08-21,12488,28,24552,6,24,15,10,3
201708,2017-08-21,12489,30,24231,9,26,19,10,3
201708,2017-08-22,12465,36,24991,7,33,24,19,2
201708,2017-08-22,12466,38,25518,7,38,33,26,2
201708,2017-08-22,12467,34,24296,4,32,25,19,1
201708,2017-08-22,12468,38,24279,4,36,32,23,2
201708,2017-08-22,12469,32,25607,3,30,27,24,1
201708,2017-08-22,12470,34,24470,6,32,25,18,2
201708,2017-08-22,12471,40,25786,4,38,31,27,2
201708,2017-08-22,12472,32,25913,5,29,23,20,1
201708,2017-08-22,12473,32,25292,7,32,24,15,2
201708,2017-08-22,12474,30,25549,8,26,19,12,2
201708,2017-08-22,12475,31,24773,6,29,21,13,2
201708,2017-08-22,12476,30,24816,5,27,19,12,2
201708,2017-08-22,12477,35,24408,8,34,22,15,2
201708,2017-08-22,12478,35,24161,7,30,24,17,2
201708,2017-08-22,12479,36,24721,7,31,20,13,2
201708,2017-08-22,12481,36,24333,9,35,27,22,2
201708,2017-08-22,12482,28,25278,6,24,17,9,3
201708,2017-08-22,12483,28,25972,8,25,15,10,3
201708,2017-08-22,12484,29,25279,9,28,17,10,4
201708,2017-08-22,12485,29,24242,7,25,17,10,4
201708,2017-08-22,12486,30,25467,8,28,19,10,3
201708,2017-08-22,12487,32,25468,6,29,19,10,3
201708,2017-08-22,12488,29,24914,6,26,18,9,4
201708,2017-08-22,12489,33,25283,8,31,22,16,3
201708,2017-08-23,12473,35,25188,9,30,23,15,2
201708,2017-08-23,12474,30,24689,6,26,21,13,2
201708,2017-08-23,12475,30,25557,6,29,22,17,2
201708,2017-08-23,12476,32,25701,5,27,22,13,2
201708,2017-08-23,12477,31,25616,7,29,23,17,2
201708,2017-08-23,12478,32,24953,7,30,21,14,2
201708,2017-08-23,12479,32,24704,8,29,23,18,2
201708,2017-08-23,12481,31,24073,6,29,19,14,2
201708,2017-08-23,12482,29,25369,7,26,17,9,3
201708,2017-08-23,12483,28,24867,6,24,17,9,3
201708,2017-08-23,12484,28,25648,8,26,16,10,3
201708,2017-08-23,12485,28,25509,6,24,18,13,3
201708,2017-08-23,12486,31,25825,7,29,22,16,4
201708,2017-08-23,12487,30,24019,8,28,21,13,4
201708,2017-08-23,12488,30,25276,6,28,21,12,4
201708,2017-08-23,12489,31,24498,6,27,21,14,4
201708,2017-08-24,12466,39,24660,5,38,27,22,2
201708,2017-08-24,12467,40,24256,5,36,31,22,2
201708,2017-08-24,12468,33,24024,4,33,27,21,1
201708,2017-08-24,12469,34,24021,4,32,27,22,1
201708,2017-08-24,12470,38,24865,4,37,28,21,2
201708,2017-08-24,12471,37,24006,4,36,26,23,1
201708,2017-08-24,12472,33,25675,3,30,26,19,1
201708,2017-08-24,12482,28,25798,7,25,16,9,3
201708,2017-08-24,12483,29,24029,6,27,17,12,3
201708,2017-08-24,12484,30,24582,6,26,17,9,4
201708,2017-08-24,12485,33,25162,7,30,22,14,4
201708,2017-08-24,12486,28,25100,7,26,17,12,3
201708,2017-08-24,12487,30,25771,8,27,20,10,4
201708,2017-08-24,12488,33,24639,9,28,21,13,4
201708,2017-08-24,12489,29,24923,9,26,19,13,3
201708,2017-08-25,12466,37,25917,7,36,27,24,2
201708,2017-08-25,12467,40,25811,8,38,34,24,2
201708,2017-08-25,12468,32,24241,4,31,25,19,1
201708,2017-08-25,12469,37,25476,5,36,26,18,1
201708,2017-08-25,12470,38,25448,6,36,28,23,1
201708,2017-08-25,12471,34,24476,6,34,27,23,2
201708,2017-08-25,12472,39,24549,6,39,32,25,2
201708,2017-08-25,12473,32,24159,6,31,24,14,2
201708,2017-08-25,12474,34,24973,9,34,29,19,2
201708,2017-08-25,12475,33,24240,6,31,22,17,2
201708,2017-08-25,12476,31,25784,7,30,26,20,2
201708,2017-08-25,12477,30,24139,7,29,23,15,2
201708,2017-08-25,12478,32,24940,5,29,23,18,2
201708,2017-08-25,12479,31,25536,7,29,23,15,2
201708,2017-08-25,12481,31,25035,7,30,25,17,2
201708,2017-08-26,12473,30,25790,7,27,23,15,2
201708,2017-08-26,12474,36,25746,8,32,21,15,2
201708,2017-08-26,12475,35,24517,6,31,25,19,2
201708,2017-08-26,12476,32,25847,7,29,22,18,2
201708,2017-08-26,12477,36,25050,8,36,24,15,3
201708,2017-08-26,12478,33,25718,8,33,28,20,2
201708,2017-08-26,12479,30,24038,5,29,24,16,2
201708,2017-08-26,12482,28,25839,6,24,19,12,4
201708,2017-08-26,12483,32,25500,9,27,19,10,4
201708,2017-08-26,12484,32,25921,7,29,19,10,4
201708,2017-08-26,12485,28,25919,6,26,19,10,3
201708,2017-08-26,12486,33,24498,9,28,19,10,3
201708,2017-08-26,12487,29,24542,7,27,21,13,3
201708,2017-08-26,12488,31,25382,9,28,22,11,3
201708,2017-08-26,12489,30,24877,9,29,20,12,3
201708,2017-08-27,12465,34,25078,7,31,25,19,2
201708,2017-08-27,12466,40,24597,5,38,27,24,1
201708,2017-08-27,12467,36,25521,5,33,26,20,1
201708,2017-08-27,12468,37,25131,5,37,30,27,1
201708,2017-08-27,12469,35,25843,4,32,25,22,1
201708,2017-08-27,12470,38,25954,7,36,25,21,2
201708,2017-08-27,12471,32,25163,5,30,22,20,1
201708,2017-08-27,12472,32,24898,5,30,26,20,1
201708,2017-08-28,12465,32,24105,6,32,22,16,1
201708,2017-08-28,12466,38,24747,6,36,26,20,2
201708,2017-08-28,12467,39,24167,7,38,30,26,2
201708,2017-08-28,12468,35,25625,4,33,24,19,1
201708,2017-08-28,12469,38,24348,6,38,30,26,2
201708,2017-08-28,12470,36,24955,4,36,29,21,2
201708,2017-08-28,12471,33,25640,5,32,28,20,1
201708,2017-08-28,12472,37,24822,4,36,28,24,2
201708,2017-08-28,12473,32,25612,7,31,24,18,2
201708,2017-08-28,12474,35,24281,7,30,25,19,2
201708,2017-08-28,12475,30,24685,5,29,23,16,2
201708,2017-08-28,12476,31,24909,8,29,23,15,2
201708,2017-08-28,12477,33,24718,8,30,25,17,2
201708,2017-08-28,12478,34,25322,8,30,22,17,2
201708,2017-08-28,12479,32,25041,5,31,23,16,2
201708,2017-08-28,12481,30,25650,8,29,20,15,2
201708,2017-08-28,12482,32,25473,6,30,22,15,3
201708,2017-08-28,12483,30,25554,7,26,17,12,4
201708,2017-08-28,12484,29,24963,8,26,20,12,4
201708,2017-08-28,12485,30,24166,7,27,17,9,3
201708,2017-08-28,12486,28,24387,8,26,16,11,3
201708,2017-08-28,12487,28,24028,7,25,16,8,4
201708,2017-08-28,12488,32,25868,8,30,23,15,3
201708,2017-08-28,12489,30,24255,7,26,17,12,4
201708,2017-08-28,12490,28,24324,8,25,16,10,3
201708,2017-08-29,12465,39,25000,4,36,32,26,1
201708,2017-08-29,12466,39,24668,7,36,30,24,1
201708,2017-08-29,12467,39,24425,7,38,32,28,2
201708,2017-08-29,12468,34,24802,6,34,29,20,1
201708,2017-08-29,12469,35,25898,5,32,28,25,1
201708,2017-08-29,12470,40,25247,8,37,27,24,1
201708,2017-08-29,12471,36,24727,6,34,24,20,1
201708,2017-08-29,12472,37,25689,7,34,24,21,2
201708,2017-08-29,12473,32,24016,6,30,21,16,2
201708,2017-08-29,12474,32,25574,7,32,25,15,2
201708,2017-08-29,12475,35,24650,8,33,25,16,2
201708,2017-08-29,12476,31,25917,8,30,26,20,2
201708,2017-08-29,12477,30,24104,7,26,22,13,2
201708,2017-08-29,12478,32,24367,5,28,20,13,2
201708,2017-08-29,12479,32,25475,6,31,21,14,2
201708,2017-08-29,12481,34,25922,7,32,25,16,2
201708,2017-08-29,12482,29,24796,8,28,19,13,3
201708,2017-08-29,12483,28,24915,6,24,15,8,3
201708,2017-08-29,12484,30,24483,8,26,16,11,3
201708,2017-08-29,12485,33,24827,7,29,22,13,3
201708,2017-08-29,12486,30,25775,8,27,22,13,3
201708,2017-08-29,12487,30,24216,8,28,19,13,3
201708,2017-08-29,12488,28,24930,6,26,20,13,3
201708,2017-08-29,12489,29,25740,8,25,16,11,3
201708,2017-08-29,12490,31,25197,8,27,18,10,3
201708,2017-08-30,12473,30,24350,6,29,19,13,2
201708,2017-08-30,12474,31,25761,7,31,26,18,2
201708,2017-08-30,12475,34,25923,9,33,21,16,2
201708,2017-08-30,12476,34,24918,8,32,25,20,2
201708,2017-08-30,12477,32,25534,7,31,22,17,2
201708,2017-08-30,12478,34,25356,6,32,25,16,2
201708,2017-08-30,12479,35,25806,7,33,26,16,2
201708,2017-08-30,12481,36,24642,6,36,24,14,2
201708,2017-08-30,12482,30,25142,9,27,22,11,3
201708,2017-08-30,12483,31,25317,6,29,20,12,4
201708,2017-08-30,12484,31,25907,9,27,20,10,3
201708,2017-08-30,12485,28,24368,6,25,20,11,4
201708,2017-08-30,12486,29,25247,7,27,17,10,3
201708,2017-08-30,12487,33,25892,8,28,19,11,4
201708,2017-08-30,12488,30,25060,8,28,21,11,3
201708,2017-08-30,12489,28,24135,6,24,16,8,4
201708,2017-08-30,12490,33,24633,10,30,19,10,4
201708,2017-08-31,12465,40,24942,5,39,28,20,2
201708,2017-08-31,12466,38,25348,5,37,29,21,1
201708,2017-08-31,12467,40,25275,5,38,27,22,2
201708,2017-08-31,12468,35,25854,6,32,26,22,1
201708,2017-08-31,12469,38,24478,6,35,31,24,2
201708,2017-08-31,12470,36,25052,5,33,28,25,1
201708,2017-08-31,12471,38,24436,7,36,28,20,2
201708,2017-08-31,12472,40,24140,6,37,31,22,2
201708,2017-08-31,12482,30,25569,7,28,17,10,3
201708,2017-08-31,12483,29,24637,6,27,19,12,3
201708,2017-08-31,12484,30,25242,7,28,22,15,4
201708,2017-08-31,12485,31,25363,9,27,19,13,4
201708,2017-08-31,12486,28,25714,6,25,17,12,3
201708,2017-08-31,12487,29,25834,7,25,17,10,3
201708,2017-08-31,12488,33,25229,7,28,20,12,3
201708,2017-08-31,12489,29,25006,6,26,20,12,3
201708,2017-08-31,12490,29,24662,6,27,19,10,3
